take,renderer,candidate,kind,n_notes,m1_raw,m1_raw_lag,m2_env,m2_env_lag,m2_env_at,m2_env_at_lag,m3_chroma,m3_chroma_lag,m3_chroma_dtw,m3_chroma_dtw_lag,m4_cqt,m4_cqt_lag,m4_cqt_dtw,m4_cqt_dtw_lag,m5_cover,m5_cover_lag,m5_cover_strict,m5_cover_strict_lag,m5_precision,m5_recall,m2_take_peaks,m2_ref_peaks,truth,verified,case,saved,timing_assumed,source
2026-04-14-a3-c4-tenor-noisefloor,sampled,own,own,2,0.2710555255773251,2.7293958333333332,0.7697253469230587,0.6965986394557824,0.0,2.414875283446712,0.8719996213912964,2.414875283446712,0.9813796281814576,2.414875283446712,0.7719442844390869,2.48453514739229,0.9103025197982788,2.48453514739229,0.5894530703594908,2.414875283446712,0.5894530703594908,2.414875283446712,0.4579439252336448,0.8269230769230769,8,4,1.0,True,clean,,True,ear-training
2026-04-14-a3-c4-tenor-noisefloor,synthetic,own,own,2,0.332778624651924,2.6579166666666665,0.7316126079117317,2.5774149659863945,0.0,2.414875283446712,0.8422518968582153,2.414875283446712,0.9774801135063172,2.414875283446712,0.738167405128479,2.5774149659863945,0.8983549475669861,2.5774149659863945,0.5894530703594908,2.414875283446712,0.5894530703594908,2.414875283446712,0.4579439252336448,0.8269230769230769,8,3,1.0,True,clean,,True,ear-training
2026-04-14-a4-c5-tenor-sax,sampled,own,own,2,0.2628405151324777,2.7420833333333334,0.786450106626928,0.6965986394557824,0.0,2.414875283446712,0.8649769425392151,2.414875283446712,0.9697214365005492,2.414875283446712,0.797132670879364,2.414875283446712,0.9429506063461304,2.414875283446712,0.3625730994152046,2.414875283446712,0.3625730994152046,2.414875283446712,0.2844036697247706,0.5,11,4,1.0,True,clean,,True,ear-training
2026-04-14-a4-c5-tenor-sax,synthetic,own,own,2,0.2946992830335607,2.7115416666666667,0.6203648542762396,0.7662585034013606,0.138495363281053,2.414875283446712,0.8373315334320068,2.414875283446712,0.9660359621047974,2.414875283446712,0.7653152346611023,2.507755102040816,0.931521475315094,2.507755102040816,0.3625730994152046,2.414875283446712,0.3625730994152046,2.414875283446712,0.2844036697247706,0.5,11,3,1.0,True,clean,,True,ear-training
2026-04-19-upper-neighbor-on-root,sampled,own,own,3,0.2639070531290529,-0.1574375,0.6738037290157455,2.2755555555555556,0.0,0.023219954648526,0.8052404522895813,0.023219954648526,0.9690971970558168,0.023219954648526,0.7664291858673096,-0.023219954648526,0.9388149976730348,-0.023219954648526,0.7911357340720222,0.023219954648526,0.7911357340720222,0.023219954648526,0.7241379310344828,0.8717948717948718,10,6,1.0,True,clean,,True,ear-training
2026-04-19-upper-neighbor-on-root,synthetic,own,own,3,0.2909969948683497,1.2808541666666666,0.7818821343135709,2.321995464852608,0.0,0.0464399092970521,0.802204430103302,0.0464399092970521,0.9703086018562316,0.0464399092970521,0.7654687762260437,0.0,0.9363875985145568,0.0,0.7789967182372246,0.0464399092970521,0.7789967182372246,0.0464399092970521,0.7126436781609196,0.8589743589743589,10,3,1.0,True,clean,,True,ear-training
2026-05-07-locrian-descent,sampled,own,own,8,0.2658650997223521,-0.0196041666666666,0.5613638358647647,2.414875283446712,0.1696124697436458,0.0,0.7249166369438171,0.0,0.9262247085571288,0.0,0.65146803855896,0.0,0.8871533870697021,0.0,0.5803146725210391,0.0,0.5803146725210391,0.0,0.5700934579439252,0.5909090909090909,14,9,0.7777777777777778,True,flawed,0.4941666666666667,False,ear-training
2026-05-07-locrian-descent,synthetic,own,own,8,0.2035372248630889,-0.0085208333333333,0.49660863974902,2.2523356009070294,0.2271359031414308,0.023219954648526,0.7242472171783447,0.023219954648526,0.918104648590088,0.023219954648526,0.6592434048652649,0.023219954648526,0.8730467557907104,0.023219954648526,0.5808568824065633,0.023219954648526,0.5808568824065633,0.023219954648526,0.5514018691588785,0.6136363636363636,14,10,0.7777777777777778,True,flawed,0.4941666666666667,False,ear-training
2026-05-19-octave-flat-seven-drop,sampled,own,own,2,0.125014259244227,0.7424583333333333,0.6859988510768137,2.2755555555555556,0.0121270945545809,-0.1857596371882086,0.8786407709121704,-0.1857596371882086,0.9845017194747924,-0.1857596371882086,0.7304535508155823,-0.0928798185941043,0.8510875105857849,-0.0928798185941043,0.9080459770114944,-0.1857596371882086,0.9080459770114944,-0.1857596371882086,1.0,0.8315789473684211,9,4,1.0,True,clean,0.7870370370370371,False,ear-training
2026-05-19-octave-flat-seven-drop,synthetic,own,own,2,0.0912260012294938,0.718125,0.7128006627547252,2.321995464852608,0.030378023739002,-0.1625396825396825,0.865515947341919,-0.1625396825396825,0.9851529002189636,-0.1625396825396825,0.7099980711936951,-0.0696598639455782,0.8347558975219727,-0.0696598639455782,0.9090909090909092,-0.1625396825396825,0.9090909090909092,-0.1625396825396825,1.0,0.8333333333333334,9,4,1.0,True,clean,0.7870370370370371,False,ear-training
2026-05-20-blues-curl-down,sampled,own,own,3,0.1226633099506809,-0.140625,0.596117297731547,2.2291156462585033,0.0,-0.0696598639455782,0.9747735261917114,-0.0696598639455782,0.982788383960724,-0.0696598639455782,0.8449524641036987,-0.0696598639455782,0.8809439539909363,-0.0696598639455782,0.9646648546079286,-0.0696598639455782,0.9646648546079286,-0.0696598639455782,0.9405940594059404,0.99,8,4,1.0,True,clean,0.5802469135802468,False,ear-training
2026-05-20-blues-curl-down,synthetic,own,own,3,0.144969838843143,0.0937291666666666,0.8679616004448584,2.2755555555555556,0.1839759662345687,-0.0696598639455782,0.953014612197876,-0.0696598639455782,0.9591525793075562,-0.0696598639455782,0.7981140613555908,-0.0696598639455782,0.82965087890625,-0.0696598639455782,0.9646648546079286,-0.0696598639455782,0.9646648546079286,-0.0696598639455782,0.9405940594059404,0.99,8,2,1.0,True,clean,0.5802469135802468,False,ear-training
2026-05-20-blues-curl-up,sampled,own,own,3,0.1931822981783819,-0.1637291666666666,0.6039865724360342,2.2058956916099772,0.0,-0.1160997732426303,0.9614364504814148,-0.1160997732426303,0.9849299788475036,-0.1160997732426303,0.8335041403770447,-0.0928798185941043,0.8663714528083801,-0.0928798185941043,0.9450733752620544,-0.1160997732426303,0.9450733752620544,-0.1160997732426303,0.9514563106796116,0.9387755102040816,8,4,1.0,True,clean,0.5524691358024691,False,ear-training
2026-05-20-blues-curl-up,synthetic,own,own,3,0.2633391114119696,-0.0558125,0.8858741389394912,2.2755555555555556,0.2407968223910663,-0.0928798185941043,0.9330962300300598,-0.0928798185941043,0.9767940044403076,-0.0928798185941043,0.7776033878326416,-0.0696598639455782,0.8049899339675903,-0.0696598639455782,0.9504746182418492,-0.0928798185941043,0.9504746182418492,-0.0928798185941043,0.9514563106796116,0.9494949494949496,8,4,1.0,True,clean,0.5524691358024691,False,ear-training
2026-05-22-blues-curl-up-b,sampled,own,own,3,0.1868638086140461,-0.2767083333333333,0.5628892002036685,2.2058956916099772,0.1118631450499858,-0.1857596371882086,0.9347891211509703,-0.1857596371882086,0.9528399109840392,-0.1857596371882086,0.9222171902656556,-0.1625396825396825,0.9687507152557372,-0.1625396825396825,0.9263552277250908,-0.1857596371882086,0.9263552277250908,-0.1857596371882086,0.9484536082474226,0.9052631578947368,6,9,1.0,True,clean,0.6388888888888888,False,ear-training
2026-05-22-blues-curl-up-b,synthetic,own,own,3,0.247336017740427,-0.4014375,0.7988082360506477,2.2755555555555556,0.0,-0.1857596371882086,0.8856984972953796,-0.1857596371882086,0.9229776859283448,-0.1857596371882086,0.8907344937324524,-0.1160997732426303,0.9555760622024536,-0.1160997732426303,0.9263552277250908,-0.1857596371882086,0.9263552277250908,-0.1857596371882086,0.9484536082474226,0.9052631578947368,6,4,1.0,True,clean,0.6388888888888888,False,ear-training
2026-05-22-blues-curl-up,sampled,own,own,3,0.302365118989136,-0.1605,0.5758006307273114,2.2291156462585033,0.0,-0.2089795918367347,0.9333749413490297,-0.2089795918367347,0.9656715393066406,-0.2089795918367347,0.917715072631836,-0.1857596371882086,0.96304452419281,-0.1857596371882086,0.917249269098767,-0.2089795918367347,0.917249269098767,-0.2089795918367347,0.967032967032967,0.8723404255319149,9,9,1.0,True,clean,0.6450617283950617,False,ear-training
2026-05-22-blues-curl-up,synthetic,own,own,3,0.4198930339244147,-0.033,0.7759181022301251,2.2987755102040817,0.0,-0.2089795918367347,0.8930878043174744,-0.2089795918367347,0.9413142800331116,-0.2089795918367347,0.8961651921272278,-0.1625396825396825,0.9540711641311646,-0.1625396825396825,0.917249269098767,-0.2089795918367347,0.917249269098767,-0.2089795918367347,0.967032967032967,0.8723404255319149,9,4,1.0,True,clean,0.6450617283950617,False,ear-training
2026-06-21-flat-five-chromatic-up,sampled,own,own,3,0.1310090707842829,-0.1437414965986394,0.7050028471394391,2.182675736961451,0.0,-0.301859410430839,0.9504435658454896,-0.301859410430839,0.9778938293457032,-0.301859410430839,0.887776792049408,-0.2786394557823129,0.9164767861366272,-0.2786394557823129,0.9534883720930232,-0.301859410430839,0.9534883720930232,-0.301859410430839,1.0,0.9111111111111112,9,6,1.0,True,clean,0.6187494750986815,False,ear-training
2026-06-21-flat-five-chromatic-up,synthetic,own,own,3,0.0791304420565669,0.1087528344671201,0.720893732323045,2.2058956916099772,0.0,-0.301859410430839,0.9395451545715332,-0.301859410430839,0.9800056219100952,-0.301859410430839,0.8693975806236267,-0.2554195011337868,0.9011384844779968,-0.2554195011337868,0.9534883720930232,-0.301859410430839,0.9534883720930232,-0.301859410430839,1.0,0.9111111111111112,9,4,1.0,True,clean,0.6187494750986815,False,ear-training
2026-06-24-blues-curl-up,sampled,own,own,3,0.2317168714388187,0.5233106575963719,0.5606011846889217,2.182675736961451,0.1456593929661875,-0.1625396825396825,0.9189693331718444,-0.1625396825396825,0.9814957976341248,-0.1625396825396825,0.8665584921836853,-0.2786394557823129,0.944311797618866,-0.2786394557823129,0.9224578436382218,-0.1625396825396825,0.9224578436382218,-0.1625396825396825,0.9886363636363636,0.8645833333333334,7,6,1.0,True,clean,0.6265432098765432,False,ear-training
2026-06-24-blues-curl-up,synthetic,own,own,3,0.1900610331884209,-0.3353968253968254,0.769135909162941,2.2291156462585033,0.3784610711026269,-0.1160997732426303,0.9021682739257812,-0.1160997732426303,0.9772877097129822,-0.1160997732426303,0.8534843325614929,-0.2554195011337868,0.933886468410492,-0.2554195011337868,0.913978494623656,-0.1160997732426303,0.913978494623656,-0.1160997732426303,0.9659090909090908,0.8673469387755102,7,4,1.0,True,clean,0.6265432098765432,False,ear-training
2026-06-25-blues-curl-down,sampled,own,own,3,0.2516557770901588,0.2171201814058957,0.6259076067088862,2.2291156462585033,0.1332260243109051,-0.1393197278911564,0.98186594247818,-0.1393197278911564,0.987564206123352,-0.1393197278911564,0.97707998752594,-0.1393197278911564,0.9800279140472412,-0.1393197278911564,0.9738219895287958,-0.1393197278911564,0.9738219895287958,-0.1393197278911564,0.9893617021276596,0.9587628865979382,8,10,1.0,True,clean,0.6311119509532208,False,ear-training
2026-06-25-blues-curl-down,synthetic,own,own,3,0.3103997828114448,0.2637414965986394,0.7667505244670433,2.2755555555555556,0.1840250776546174,-0.1393197278911564,0.9724982976913452,-0.1393197278911564,0.9851278066635132,-0.1393197278911564,0.9678729772567748,-0.1160997732426303,0.9718247056007384,-0.1160997732426303,0.9738219895287958,-0.1393197278911564,0.9738219895287958,-0.1393197278911564,0.9893617021276596,0.9587628865979382,8,4,1.0,True,clean,0.6311119509532208,False,ear-training
2026-06-30-fifth-sixth-step,sampled,own,own,2,0.1345055263619334,-0.5491156462585034,0.7579728667509583,2.182675736961451,0.0,-0.2321995464852607,0.9357481598854064,-0.2321995464852607,0.955246090888977,-0.2321995464852607,0.8388795852661133,-0.2089795918367347,0.9086334705352784,-0.2089795918367347,0.9408046675580406,-0.2321995464852607,0.9408046675580406,-0.2321995464852607,0.9574468085106383,0.9247311827956988,6,4,1.0,True,clean,0.5196397077349458,False,ear-training
2026-06-30-fifth-sixth-step,synthetic,own,own,2,0.1301479378213787,-0.5602721088435374,0.7193359490798773,2.2291156462585033,0.0,-0.2321995464852607,0.916050136089325,-0.2321995464852607,0.9456906914711,-0.2321995464852607,0.7503805756568909,-0.1857596371882086,0.7991756200790405,-0.1857596371882086,0.9408046675580406,-0.2321995464852607,0.9408046675580406,-0.2321995464852607,0.9574468085106383,0.9247311827956988,6,3,1.0,True,clean,0.5196397077349458,False,ear-training
2026-07-08-four-to-five,sampled,own,own,4,0.0276485777613052,0.9518820861678003,0.6213545481798546,1.5789569160997732,0.0409114911834138,-0.5572789115646258,0.4138422906398773,-0.5572789115646258,0.6263167858123779,-0.5572789115646258,0.390901118516922,-0.5572789115646258,0.5790179371833801,-0.5572789115646258,0.320704845814978,-0.5572789115646258,0.320704845814978,-0.5572789115646258,0.4117647058823529,0.2626262626262626,7,9,0.5,True,flawed,0.3288916666666667,False,ear-training
2026-07-08-four-to-five,synthetic,own,own,4,0.0651405255119943,-0.555124716553288,0.7314332502689866,0.4876190476190476,0.0,-0.5572789115646258,0.4371587038040161,-0.5572789115646258,0.6415765285491943,-0.5572789115646258,0.3708842396736145,-0.5572789115646258,0.5719282627105713,-0.5572789115646258,0.320704845814978,-0.5572789115646258,0.320704845814978,-0.5572789115646258,0.4117647058823529,0.2626262626262626,7,5,0.5,True,flawed,0.3288916666666667,False,ear-training
2026-07-14-third-fifth-rise,sampled,own,own,2,0.329944932162302,-0.2447845804988662,0.6870991943359862,2.089795918367347,0.117482200099804,-0.1393197278911564,0.9759014844894408,-0.1393197278911564,0.9824568629264832,-0.1393197278911564,0.8709754347801208,-0.1160997732426303,0.9002252817153931,-0.1160997732426303,0.9729112859631208,-0.1393197278911564,0.9729112859631208,-0.1393197278911564,0.978494623655914,0.967391304347826,7,5,1.0,True,clean,0.6624583333333334,False,ear-training
2026-07-14-third-fifth-rise,synthetic,own,own,2,0.2055551390743751,-0.3442176870748299,0.6961411758841923,2.1362358276643993,0.2432605393244442,-0.1160997732426303,0.9678733348846436,-0.1160997732426303,0.9779659509658812,-0.1160997732426303,0.7294847369194031,-0.0928798185941043,0.7748042345046997,-0.0928798185941043,0.9730885760114062,-0.1160997732426303,0.9730885760114062,-0.1160997732426303,0.967741935483871,0.978494623655914,7,4,1.0,True,clean,0.6624583333333334,False,ear-training
2026-07-23-blue-monk,sampled,own,own,8,0.2652412300952316,-0.1240136054421768,0.5730686321404578,3.808072562358277,0.2393922933936253,0.0696598639455782,0.7881026268005371,0.0696598639455782,0.952900230884552,0.0696598639455782,0.7659466862678528,0.0696598639455782,0.928607165813446,0.0696598639455782,0.7923773225345403,0.0696598639455782,0.7923773225345403,0.0696598639455782,0.9041095890410958,0.7052238805970149,21,12,1.0,True,clean,,False,ear-training
2026-07-23-blue-monk,synthetic,own,own,8,0.3007703643797095,0.1734240362811791,0.5058219241324017,3.831292517006802,0.258539170679965,0.0928798185941043,0.7946046590805054,0.0928798185941043,0.958229959011078,0.0928798185941043,0.7639877200126648,0.0928798185941043,0.92615807056427,0.0928798185941043,0.7958044324141431,0.0928798185941043,0.7958044324141431,0.0928798185941043,0.8949771689497716,0.7164179104477612,21,10,1.0,True,clean,,False,ear-training
2026-07-25-blue-note-step-up,sampled,own,own,3,0.2126305463115594,0.3480725623582766,0.5307145571393962,2.2987755102040817,0.0,0.1625396825396825,0.9446999430656432,0.1625396825396825,0.953483819961548,0.1625396825396825,0.8684992790222168,0.1393197278911564,0.910647749900818,0.1393197278911564,0.9232976492660854,0.1625396825396825,0.9232976492660854,0.1625396825396825,0.89,0.9591836734693876,8,6,1.0,True,clean,0.654924074074074,False,ear-training
2026-07-25-blue-note-step-up,synthetic,own,own,3,0.2321197891790073,0.3376643990929705,0.8637259159198233,1.787936507936508,0.0331579796839013,0.1857596371882086,0.8988856077194214,0.1857596371882086,0.9118692278862,0.1857596371882086,0.7737933397293091,0.1625396825396825,0.803197979927063,0.1625396825396825,0.9030802211440822,0.1857596371882086,0.9030802211440822,0.1857596371882086,0.87,0.9387755102040816,8,5,1.0,True,clean,0.654924074074074,False,ear-training
2026-07-25-blue-step-down,sampled,own,own,5,0.2032789449856403,-0.3111111111111111,0.4753634074421704,1.486077097505669,0.2997486775347158,-0.1625396825396825,0.876710832118988,-0.1625396825396825,0.949801743030548,-0.1625396825396825,0.861633837223053,-0.1393197278911564,0.9290580153465272,-0.1393197278911564,0.8504221954161639,-0.1625396825396825,0.8504221954161639,-0.1625396825396825,0.9215686274509804,0.7894736842105263,17,9,1.0,True,clean,0.6337466666666667,False,ear-training
2026-07-25-blue-step-down,synthetic,own,own,5,0.2080325395188104,-0.1784807256235827,0.6667752830890816,2.1130158730158732,0.4972857990850191,-0.1160997732426303,0.8710542321205139,-0.1160997732426303,0.9480940103530884,-0.1160997732426303,0.8450794219970703,-0.1160997732426303,0.9125239253044128,-0.1160997732426303,0.8402854558247059,-0.1160997732426303,0.8402854558247059,-0.1160997732426303,0.8627450980392157,0.8189655172413793,17,7,1.0,True,clean,0.6337466666666667,False,ear-training
2026-07-25-root-frame,sampled,own,own,4,0.0322891917375072,-0.1854421768707483,0.3361328853572515,2.693514739229025,0.0142188183977992,-0.0928798185941043,0.7755144238471985,-0.0928798185941043,0.881485641002655,-0.0928798185941043,0.7523074746131897,-0.0928798185941043,0.8635176420211792,-0.0928798185941043,0.7912355447352404,-0.0928798185941043,0.7912355447352404,-0.0928798185941043,0.9923664122137404,0.6578947368421053,16,6,1.0,True,butchered,0.44542123015873014,False,ear-training
2026-07-25-root-frame,synthetic,own,own,4,0.0512895993581732,-0.036235827664399,0.4249715940194781,2.7399546485260773,0.0989442193534584,-0.0696598639455782,0.7694608569145203,-0.0696598639455782,0.8784066438674927,-0.0696598639455782,0.7504861354827881,-0.0696598639455782,0.8602114915847778,-0.0696598639455782,0.7888198757763975,-0.0696598639455782,0.7888198757763975,-0.0696598639455782,0.9694656488549618,0.6649214659685864,16,5,1.0,True,butchered,0.44542123015873014,False,ear-training
2026-07-28-pent-1-3-2-5,sampled,own,own,4,0.1486860896825041,0.272562358276644,0.5649894692390407,-0.3947392290249433,0.0418974591040505,0.626938775510204,0.9120119214057922,0.626938775510204,0.9415245056152344,0.626938775510204,0.8519182801246643,0.626938775510204,0.9111931920051576,0.626938775510204,0.8801775147928994,0.626938775510204,0.8801775147928994,0.626938775510204,0.875,0.8854166666666666,11,9,1.0,True,clean,0.7369835317460318,False,ear-training
2026-07-28-pent-1-3-2-5,synthetic,own,own,4,0.2323992790358851,0.6447165532879818,0.5419540237645714,1.1377777777777778,0.1588422340105653,0.6501587301587302,0.8812980055809021,0.6501587301587302,0.9156644940376282,0.6501587301587302,0.816977858543396,0.6501587301587302,0.8725482225418091,0.6501587301587302,0.8585858585858586,0.6501587301587302,0.8585858585858586,0.6501587301587302,0.8333333333333334,0.8854166666666666,11,6,1.0,True,clean,0.7369835317460318,False,ear-training
2026-07-29-sixth-octave-lift,sampled,own,own,2,0.0961769597455574,0.0269841269841269,0.551713612589323,1.2770975056689342,0.0788547588468967,0.2321995464852607,0.8995834589004517,0.2321995464852607,0.9529115557670592,0.2321995464852607,0.7527302503585815,0.2089795918367347,0.8099960088729858,0.2089795918367347,0.1680949241924851,0.2321995464852607,0.1680949241924851,0.2321995464852607,0.1630434782608695,0.173469387755102,10,3,1.0,True,clean,0.669818253968254,False,ear-training
2026-07-29-sixth-octave-lift,synthetic,own,own,2,0.0738509900585202,1.7926303854875285,0.6548094749669071,1.3003174603174603,0.068249096893943,0.2321995464852607,0.9054972529411316,0.2321995464852607,0.9577906131744384,0.2321995464852607,0.5657556056976318,0.2089795918367347,0.6186075210571289,0.2089795918367347,0.1680949241924851,0.2321995464852607,0.1680949241924851,0.2321995464852607,0.1630434782608695,0.173469387755102,10,1,1.0,True,clean,0.669818253968254,False,ear-training
2026-07-30-climb-to-five,sampled,own,own,4,0.252344252572204,-0.0351473922902494,0.4249685039142308,2.1362358276643993,0.0349843693499003,-0.1160997732426303,0.9274912476539612,-0.1160997732426303,0.9735229015350342,-0.1160997732426303,0.8836546540260315,-0.0928798185941043,0.9333312511444092,-0.0928798185941043,0.9315383574617778,-0.1160997732426303,0.9315383574617778,-0.1160997732426303,0.9770114942528736,0.8901098901098901,9,6,1.0,True,clean,0.7238962301587302,False,ear-training
2026-07-30-climb-to-five,synthetic,own,own,4,0.3517252244690606,0.1571655328798186,0.657697198088209,2.182675736961451,0.2679270492335245,-0.0928798185941043,0.9175410866737366,-0.0928798185941043,0.9684641361236572,-0.0928798185941043,0.8494595289230347,-0.1160997732426303,0.90605628490448,-0.1160997732426303,0.9215978334461746,-0.0928798185941043,0.9215978334461746,-0.0928798185941043,0.9540229885057472,0.8913043478260869,9,5,1.0,True,clean,0.7238962301587302,False,ear-training
2026-08-01-down-to-the-third,sampled,own,own,4,0.0627596004179754,-0.2417460317460317,0.4966821183345248,1.5789569160997732,0.0,-0.0464399092970521,0.9277636408805848,-0.0464399092970521,0.9781363010406494,-0.0464399092970521,0.9049383401870728,-0.0696598639455782,0.9565697312355042,-0.0696598639455782,0.9304406973830236,-0.0464399092970521,0.9304406973830236,-0.0464399092970521,0.9112903225806452,0.950413223140496,12,8,1.0,True,clean,0.6847458333333333,False,ear-training
2026-08-01-down-to-the-third,synthetic,own,own,4,0.0572929501477346,-0.1162131519274376,0.7510052695197698,2.182675736961451,0.1962705313644906,-0.023219954648526,0.9275249242782592,-0.023219954648526,0.9779868721961976,-0.023219954648526,0.8964354991912842,-0.0464399092970521,0.9460094571113586,-0.0464399092970521,0.9302853897486868,-0.023219954648526,0.9302853897486868,-0.023219954648526,0.9032258064516128,0.9590163934426228,12,7,1.0,True,clean,0.6847458333333333,False,ear-training
2026-08-01-flat-five-chromatic-down,sampled,own,own,3,0.0694018780400766,-0.1630839002267573,0.539696001409122,2.2755555555555556,0.4516914608639273,0.0928798185941043,0.9643937945365906,0.0928798185941043,0.97202730178833,0.0928798185941043,0.8380223512649536,0.0928798185941043,0.8553241491317749,0.0928798185941043,0.932093680122396,0.0928798185941043,0.932093680122396,0.0928798185941043,0.946236559139785,0.9183673469387756,8,6,1.0,True,clean,0.6546182539682539,False,ear-training
2026-08-01-flat-five-chromatic-down,synthetic,own,own,3,0.0846526748414294,0.1934920634920635,0.6847407720636671,1.7647165532879818,0.1715505923069977,0.1160997732426303,0.9621366262435912,0.1160997732426303,0.9722787141799928,0.1160997732426303,0.79490727186203,0.1160997732426303,0.806485116481781,0.1160997732426303,0.9320148331273176,0.1160997732426303,0.9320148331273176,0.1160997732426303,0.935483870967742,0.9285714285714286,8,5,1.0,True,clean,0.6546182539682539,False,ear-training
2026-08-10-pent-1-2-3-5-eighth-run-hold,sampled,own,own,4,0.1751301774959562,-0.2943764172335601,0.3686414611306628,2.2755555555555556,0.2810916808729047,-0.2321995464852607,0.8794100284576416,-0.2321995464852607,0.9232102632522584,-0.2321995464852607,0.8840285539627075,-0.2321995464852607,0.9128763675689696,-0.2321995464852607,0.8566424380418601,-0.2321995464852607,0.8566424380418601,-0.2321995464852607,0.9125,0.8072289156626506,8,4,0.75,True,flawed,0.5221625,False,ear-training
2026-08-10-pent-1-2-3-5-eighth-run-hold,synthetic,own,own,4,0.2719698894645663,-0.1882539682539682,0.6488787452516189,2.321995464852608,0.517697210605585,-0.1857596371882086,0.875116229057312,-0.1857596371882086,0.925454556941986,-0.1857596371882086,0.8943233489990234,-0.1857596371882086,0.9186018109321594,-0.1857596371882086,0.8484848484848485,-0.1857596371882086,0.8484848484848485,-0.1857596371882086,0.875,0.8235294117647058,8,5,0.75,True,flawed,0.5221625,False,ear-training
2026-08-11-blue-note-climb,sampled,own,own,3,0.0880753297721854,0.0,0.4890261406350032,0.4411791383219954,0.4890261406350032,0.4411791383219954,0.8278613686561584,0.4411791383219954,0.9441864490509032,0.4411791383219954,0.8380428552627563,0.4179591836734694,0.9550276398658752,0.4179591836734694,0.8928781818745543,0.4411791383219954,0.8928781818745543,0.4411791383219954,0.9834710743801652,0.8175675675675675,14,5,1.0,True,clean,0.666378835978836,False,ear-training
2026-08-11-blue-note-climb,synthetic,own,own,3,0.0686410150054485,0.8585260770975057,0.5796395300099882,2.7863945578231295,0.1381039436763961,0.4643990929705215,0.825492799282074,0.4643990929705215,0.9431275129318236,0.4643990929705215,0.8429142832756042,0.4411791383219954,0.9550588130950928,0.4411791383219954,0.8854427213606804,0.4643990929705215,0.8854427213606804,0.4643990929705215,0.975206611570248,0.8108108108108109,14,6,1.0,True,clean,0.666378835978836,False,ear-training
2026-08-11-curl-to-the-floor,sampled,own,own,5,0.2490565202776626,1.5891609977324264,0.4710996990670523,3.877732426303855,0.2576563906301729,1.6950566893424035,0.9114859700202942,1.6950566893424035,0.938407063484192,1.6950566893424035,0.8835722804069519,1.7182766439909298,0.9246562719345092,1.7182766439909298,0.8578282828282828,1.6950566893424035,0.8578282828282828,1.6950566893424035,0.8958333333333334,0.8229166666666666,20,7,1.0,True,clean,0.7470220634920635,False,ear-training
2026-08-11-curl-to-the-floor,synthetic,own,own,5,0.2368897210713006,1.9096145124716553,0.622830375502354,3.3668934240362813,0.0970852814101836,1.7182766439909298,0.8961895704269409,1.7182766439909298,0.9240338802337646,1.7182766439909298,0.8888685703277588,1.7414965986394555,0.9285352826118468,1.7414965986394555,0.8644578313253012,1.7182766439909298,0.8644578313253012,1.7182766439909298,0.875,0.8541666666666666,20,6,1.0,True,clean,0.7470220634920635,False,ear-training
2026-08-13-blue-note-roll-off,sampled,own,own,4,0.2563238903292038,0.211859410430839,0.5487506824501074,0.4643990929705215,0.2727782326574285,0.5108390022675737,0.9513858556747437,0.5108390022675737,0.963742733001709,0.5108390022675737,0.9539377689361572,0.5340589569160998,0.9574851989746094,0.5340589569160998,0.929170383586084,0.5108390022675737,0.929170383586084,0.5108390022675737,0.9789473684210528,0.8842105263157894,13,6,1.0,True,clean,0.7110416666666666,False,ear-training
2026-08-13-blue-note-roll-off,synthetic,own,own,4,0.2305364211349116,0.4064172335600907,0.4321232423414842,2.7631746031746034,0.3239366206005414,0.5340589569160998,0.948854386806488,0.5340589569160998,0.9640195965766908,0.5340589569160998,0.9454633593559264,0.5572789115646258,0.9482864141464232,0.5572789115646258,0.9357776463630988,0.5340589569160998,0.9357776463630988,0.5340589569160998,0.968421052631579,0.9052631578947368,13,4,1.0,True,clean,0.7110416666666666,False,ear-training
2026-08-13-slide-back-down,sampled,own,own,5,0.2733754833613789,2.2959637188208615,0.5842895378257658,2.182675736961451,0.0,2.2755555555555556,0.9235385060310364,2.2755555555555556,0.9818753004074096,2.2755555555555556,0.9003031849861145,2.2755555555555556,0.964134693145752,2.2755555555555556,0.9110629067245118,2.2755555555555556,0.9110629067245118,2.2755555555555556,0.9090909090909092,0.9130434782608696,15,6,1.0,True,clean,0.754518253968254,False,ear-training
2026-08-13-slide-back-down,synthetic,own,own,5,0.2961911025960176,2.252562358276644,0.6419810032839687,4.156371882086168,0.254617063670826,2.2755555555555556,0.9259453415870668,2.2755555555555556,0.9841464757919312,2.2755555555555556,0.893323540687561,2.2755555555555556,0.9499305486679076,2.2755555555555556,0.9110629067245118,2.2755555555555556,0.9110629067245118,2.2755555555555556,0.9090909090909092,0.9130434782608696,15,5,1.0,True,clean,0.754518253968254,False,ear-training
2026-08-18-blues-curl-up,sampled,own,own,3,0.1563777319939233,0.4127437641723356,0.5948707943827316,2.7399546485260773,0.3787728690563597,0.5340589569160998,0.9354997277259828,0.5340589569160998,0.98571115732193,0.5340589569160998,0.9282940626144408,0.5340589569160998,0.9765188097953796,0.5340589569160998,0.9422420891659804,0.5340589569160998,0.9422420891659804,0.5340589569160998,0.967391304347826,0.9183673469387756,14,6,1.0,True,clean,0.5427375661375661,False,ear-training
2026-08-18-blues-curl-up,synthetic,own,own,3,0.1411776607146438,0.726326530612245,0.7080778274865585,2.7863945578231295,0.2757947674219984,0.5572789115646258,0.941014528274536,0.5572789115646258,0.9860170483589172,0.5572789115646258,0.9367199540138244,0.5572789115646258,0.977020502090454,0.5572789115646258,0.942339373970346,0.5572789115646258,0.942339373970346,0.5572789115646258,0.9565217391304348,0.9285714285714286,14,4,1.0,True,clean,0.5427375661375661,False,ear-training
2026-09-03-tonic-turn-with-leading-tone,sampled,own,own,4,0.0940922476923374,1.6589342403628118,0.5934624888890295,2.8792743764172335,0.1599470526239637,1.7182766439909298,0.8816017508506775,1.7182766439909298,0.9571919441223145,1.7182766439909298,0.7918820977210999,1.7182766439909298,0.8828759789466858,1.7182766439909298,0.8649050986229996,1.7182766439909298,0.8649050986229996,1.7182766439909298,0.9333333333333332,0.8058252427184466,16,7,1.0,True,butchered,0.4176051902242379,False,ear-training
2026-09-03-tonic-turn-with-leading-tone,synthetic,own,own,4,0.0894570063622833,1.6256009070294783,0.6343003426448254,2.321995464852608,0.3587553671301583,1.7414965986394555,0.8782696723937988,1.7414965986394555,0.9575554728507996,1.7414965986394555,0.778527021408081,1.7414965986394555,0.8710200190544128,1.7414965986394555,0.8662562954672636,1.7414965986394555,0.8662562954672636,1.7414965986394555,0.9,0.8349514563106796,16,4,1.0,True,butchered,0.4176051902242379,False,ear-training
2026-09-09-blue-note-drop,sampled,own,own,3,0.2658880892731696,0.603015873015873,0.5457217258636724,0.4643990929705215,0.4811251196675108,0.603718820861678,0.9630733728408812,0.603718820861678,0.9694181084632874,0.603718820861678,0.9045768976211548,0.603718820861678,0.922219693660736,0.603718820861678,0.9383886255924172,0.603718820861678,0.9383886255924172,0.603718820861678,0.9166666666666666,0.9611650485436892,15,6,1.0,True,butchered,0.7119719492735366,False,ear-training
2026-09-09-blue-note-drop,synthetic,own,own,3,0.2759740208724165,0.8873469387755102,0.6196704642449689,2.9024943310657596,0.0908251289965077,0.603718820861678,0.9201306104660034,0.603718820861678,0.9331580996513368,0.603718820861678,0.8686275482177734,0.626938775510204,0.880871057510376,0.626938775510204,0.9383886255924172,0.603718820861678,0.9383886255924172,0.603718820861678,0.9166666666666666,0.9611650485436892,15,4,1.0,True,butchered,0.7119719492735366,False,ear-training
2026-09-09-climb-to-five,sampled,own,own,4,0.1975231956821192,0.1978684807256235,0.5164288163390264,0.5108390022675737,0.5164288163390264,0.5108390022675737,0.957467794418335,0.5108390022675737,0.9836441278457642,0.5108390022675737,0.8955811262130737,0.5340589569160998,0.9460631608963012,0.5340589569160998,0.9215604464378848,0.5108390022675737,0.9215604464378848,0.5108390022675737,0.9223300970873788,0.9207920792079208,10,6,1.0,True,clean,0.8228647014361301,False,ear-training
2026-09-09-climb-to-five,synthetic,own,own,4,0.1957967010044318,0.7351927437641723,0.6146484202084178,2.321995464852608,0.2539864689419009,0.5340589569160998,0.9292692542076112,0.5340589569160998,0.9694753289222716,0.5340589569160998,0.8362983465194702,0.5572789115646258,0.8950628042221069,0.5572789115646258,0.9213682344352904,0.5340589569160998,0.9213682344352904,0.5340589569160998,0.9029126213592232,0.9405940594059404,10,5,1.0,True,clean,0.8228647014361301,False,ear-training
2026-09-16-sharp-9-flat-9-dom,sampled,own,own,9,0.2036904394639888,0.1255328798185941,0.4986471505138162,0.5340589569160998,0.2669404589431374,0.1393197278911564,0.8490229845046997,0.1393197278911564,0.8931431770324707,0.1393197278911564,0.7764884233474731,0.1393197278911564,0.8360334038734436,0.1393197278911564,0.7292201382033565,0.1393197278911564,0.6783060921248142,0.1393197278911564,0.717741935483871,0.7410714285714286,14,9,0.7777777777777778,True,flawed,0.738802672713538,False,lick-practice
2026-09-16-sharp-9-flat-9-dom,synthetic,own,own,9,0.1950922978026721,0.1285714285714285,0.4461779116614112,0.5804988662131519,0.1699617405825116,0.1625396825396825,0.8175617456436157,0.1625396825396825,0.8612127304077148,0.1625396825396825,0.7608127593994141,0.1625396825396825,0.8167498707771301,0.1625396825396825,0.7198086887206058,0.1625396825396825,0.6774295998306161,0.1625396825396825,0.6774193548387096,0.7678571428571429,14,9,0.7777777777777778,True,flawed,0.738802672713538,False,lick-practice
2026-09-18-blues-curl-up,sampled,own,own,3,0.1065762415262173,2.017528344671202,0.6555940836132,4.063492063492063,0.3160182386517627,1.7647165532879818,0.9205121397972108,1.7647165532879818,0.9586127400398254,1.7647165532879818,0.9231467247009276,1.787936507936508,0.9611157774925232,1.787936507936508,0.944823572977834,1.7647165532879818,0.944823572977834,1.7647165532879818,0.979381443298969,0.912621359223301,16,9,1.0,True,clean,0.5696145124716553,False,ear-training
2026-09-18-blues-curl-up,synthetic,own,own,3,0.1504093890984116,1.9779591836734691,0.8220709034220518,3.5294331065759637,0.2046198169849805,1.7647165532879818,0.9127015471458436,1.7647165532879818,0.9535866379737854,1.7647165532879818,0.9221221804618835,1.811156462585034,0.9504309296607972,1.811156462585034,0.944823572977834,1.7647165532879818,0.944823572977834,1.7647165532879818,0.979381443298969,0.912621359223301,16,4,1.0,True,clean,0.5696145124716553,False,ear-training
2026-10-03-four-to-five,sampled,own,own,4,0.3454414241265611,0.567687074829932,0.3766719685364615,1.160997732426304,0.2167439738705027,1.1145578231292517,0.8524273037910461,1.1145578231292517,0.9796248078346252,1.1145578231292517,0.7666609883308411,1.1377777777777778,0.892174482345581,1.1377777777777778,0.8864409285819902,1.1145578231292517,0.8864409285819902,1.1145578231292517,0.9322033898305084,0.8449612403100775,15,8,0.75,True,flawed,0.49437515747039557,False,ear-training
2026-10-03-four-to-five,synthetic,own,own,4,0.2655706107301048,1.3950113378684807,0.5688439961041305,2.9257142857142857,0.14960127838391,1.160997732426304,0.8333401083946228,1.160997732426304,0.9587624669075012,1.160997732426304,0.7429097294807434,1.18421768707483,0.8729363083839417,1.18421768707483,0.8870144284128746,1.160997732426304,0.8870144284128746,1.160997732426304,0.9152542372881356,0.8604651162790697,15,4,0.75,True,flawed,0.49437515747039557,False,ear-training
2026-10-03-honeysuckle-rose-b,sampled,own,own,5,0.3002188266632803,0.1459183673469387,0.5090226631153856,0.1160997732426303,0.5090226631153856,0.1160997732426303,0.8582931160926819,0.1160997732426303,0.9216530919075012,0.1160997732426303,0.802606463432312,0.1160997732426303,0.8899013996124268,0.1160997732426303,0.7292657704239918,0.1160997732426303,0.5654618473895583,0.1160997732426303,0.7818181818181819,0.6833333333333333,13,5,0.6,True,butchered,0.4925632653061373,False,lick-practice
2026-10-03-honeysuckle-rose-b,synthetic,own,own,5,0.2493923832115838,0.1571201814058957,0.1779230899694082,0.2089795918367347,0.0,0.1393197278911564,0.8538620471954346,0.1393197278911564,0.926846444606781,0.1393197278911564,0.756453812122345,0.1393197278911564,0.8299944996833801,0.1393197278911564,0.7130434782608696,0.1393197278911564,0.5567346938775509,0.1393197278911564,0.7454545454545455,0.6833333333333333,13,6,0.6,True,butchered,0.4925632653061373,False,lick-practice
2026-10-03-honeysuckle-rose,sampled,own,own,5,0.2567023381291122,0.0061678004535147,0.4876685046362616,0.0928798185941043,0.0817448944302744,0.1625396825396825,0.8808727264404297,0.1625396825396825,0.957846701145172,0.1625396825396825,0.8319733142852783,0.1393197278911564,0.9311987161636353,0.1393197278911564,0.7790143084260732,0.1625396825396825,0.7790143084260732,0.1625396825396825,0.7313432835820896,0.8333333333333334,14,6,0.8,True,butchered,0.5877534693877959,False,lick-practice
2026-10-03-honeysuckle-rose,synthetic,own,own,5,0.3143582104115865,0.0264625850340136,0.4157905693984765,0.5108390022675737,0.0678222889966177,0.1857596371882086,0.8823737502098083,0.1857596371882086,0.9493014216423036,0.1857596371882086,0.8528484106063843,0.1857596371882086,0.9438938498497008,0.1857596371882086,0.7753807106598986,0.1857596371882086,0.7753807106598986,0.1857596371882086,0.7014925373134329,0.8666666666666667,14,6,0.8,True,butchered,0.5877534693877959,False,lick-practice
2026-05-09-fourth-fifth-push,sampled,own,own,2,0.1108193728152081,-0.0463958333333333,0.4296686402992798,2.2291156462585033,0.1116528694442392,-0.1625396825396825,0.8597047924995422,-0.1625396825396825,0.982456624507904,-0.1625396825396825,0.69074946641922,-0.1625396825396825,0.799697756767273,-0.1625396825396825,0.8639053254437871,-0.1625396825396825,0.8639053254437871,-0.1625396825396825,1.0,0.7604166666666666,14,5,1.0,True,clean,0.6805555555555556,False,ear-training
2026-05-09-fourth-fifth-push,synthetic,own,own,2,0.1637466900993617,-0.0688125,0.495682320240894,2.2755555555555556,0.3023039732778578,-0.1160997732426303,0.8540492653846741,-0.1160997732426303,0.9806257486343384,-0.1160997732426303,0.6805880665779114,-0.1160997732426303,0.7882920503616333,-0.1160997732426303,0.8572717701910062,-0.1160997732426303,0.8572717701910062,-0.1160997732426303,0.9743589743589745,0.7653061224489796,14,3,1.0,True,clean,0.6805555555555556,False,ear-training
2026-05-12-pent-1-2-3-5-half-then-eighths,sampled,own,own,4,0.0845617201201523,-0.3662291666666666,0.5305071300114682,2.043356009070295,0.2420733293997753,-0.2321995464852607,0.9090158939361572,-0.2321995464852607,0.9414665699005128,-0.2321995464852607,0.894027054309845,-0.2321995464852607,0.9236319661140442,-0.2321995464852607,0.8872376482857516,-0.2321995464852607,0.8872376482857516,-0.2321995464852607,0.8645833333333334,0.9111111111111112,13,6,1.0,True,clean,0.8334259259259259,False,ear-training
2026-05-12-pent-1-2-3-5-half-then-eighths,synthetic,own,own,4,0.1271809327827441,-0.2826458333333333,0.6287577710282247,1.486077097505669,0.2461052570840609,-0.1857596371882086,0.909417986869812,-0.1857596371882086,0.9442000985145568,-0.1857596371882086,0.9056814312934875,-0.2089795918367347,0.9364912509918212,-0.2089795918367347,0.8598425196850392,-0.1857596371882086,0.8598425196850392,-0.1857596371882086,0.8125,0.9130434782608696,13,5,1.0,True,clean,0.8334259259259259,False,ear-training
2026-05-12-pent-upper-neighbor-dotted-quart,sampled,own,own,3,0.1334218166994782,-0.1611041666666666,0.6690770032423682,2.414875283446712,0.1748360471155867,-0.1625396825396825,0.842750072479248,-0.1625396825396825,0.9219316244125366,-0.1625396825396825,0.8569061160087585,-0.1393197278911564,0.9324125051498412,-0.1393197278911564,0.8836841727135569,-0.1625396825396825,0.8836841727135569,-0.1625396825396825,0.9647058823529412,0.8152173913043478,10,4,1.0,True,butchered,0.6197530864197531,False,ear-training
2026-05-12-pent-upper-neighbor-dotted-quart,synthetic,own,own,3,0.1081228013102926,-0.0955833333333333,0.412666651609938,1.253877551020408,0.3150967232494912,-0.1160997732426303,0.8278395533561707,-0.1160997732426303,0.9193483591079712,-0.1160997732426303,0.8513903021812439,-0.1160997732426303,0.9245563745498656,-0.1160997732426303,0.859628770301624,-0.1160997732426303,0.859628770301624,-0.1160997732426303,0.9176470588235294,0.8085106382978723,10,2,1.0,True,butchered,0.6197530864197531,False,ear-training
2026-05-13-pent-5-3-2-1-half-then-eighths,sampled,own,own,4,0.1339953075729995,-0.2527291666666666,0.465386359742143,2.182675736961451,0.217731650001897,-0.023219954648526,0.8853598833084106,-0.023219954648526,0.9805614948272704,-0.023219954648526,0.8572216033935547,-0.023219954648526,0.9493364691734314,-0.023219954648526,0.8921469982272053,-0.023219954648526,0.8921469982272053,-0.023219954648526,0.811965811965812,0.98989898989899,11,7,1.0,True,clean,0.8030092592592593,False,ear-training
2026-05-13-pent-5-3-2-1-half-then-eighths,synthetic,own,own,4,0.1414091346963212,-0.0115625,0.644898080164644,1.6253968253968254,0.2130336399868043,0.0,0.8851199150085449,0.0,0.9832032322883606,0.0,0.8353905081748962,0.0,0.915427565574646,0.0,0.8737469126834229,0.0,0.8737469126834229,0.0,0.7948717948717948,0.97,11,6,1.0,True,clean,0.8030092592592593,False,ear-training
2026-05-19-flat-seven-octave,sampled,own,own,2,0.1744482497545507,-0.3614166666666666,0.6801879013798408,1.5789569160997732,0.1840519474447059,-0.1625396825396825,0.957480013370514,-0.1625396825396825,0.9614009857177734,-0.1625396825396825,0.8401888012886047,-0.1625396825396825,0.8866462707519531,-0.1625396825396825,0.920948141017928,-0.1625396825396825,0.920948141017928,-0.1625396825396825,0.9148936170212766,0.9270833333333334,8,3,1.0,True,clean,0.6614814814814816,False,ear-training
2026-05-19-flat-seven-octave,synthetic,own,own,2,0.1308862488948599,-0.4537083333333333,0.5913571208698124,1.6253968253968254,0.3089065389260191,-0.1393197278911564,0.9539840221405028,-0.1393197278911564,0.9601434469223022,-0.1393197278911564,0.8290123343467712,-0.1393197278911564,0.8818332552909851,-0.1393197278911564,0.9108422129913912,-0.1393197278911564,0.9108422129913912,-0.1393197278911564,0.9042553191489362,0.9175257731958762,8,3,1.0,True,clean,0.6614814814814816,False,ear-training
2026-07-28-pent-1-3-2-5-dotted-quarter-eigh,sampled,own,own,4,0.1486860896825041,0.272562358276644,0.5649894692390407,-0.3947392290249433,0.0418974591040505,0.626938775510204,0.9120119214057922,0.626938775510204,0.9415245056152344,0.626938775510204,0.8519182801246643,0.626938775510204,0.9111931920051576,0.626938775510204,0.8801775147928994,0.626938775510204,0.8801775147928994,0.626938775510204,0.875,0.8854166666666666,11,9,1.0,True,butchered,0.7369835317460318,False,ear-training
2026-07-28-pent-1-3-2-5-dotted-quarter-eigh,synthetic,own,own,4,0.2323992790358851,0.6447165532879818,0.5419540237645714,1.1377777777777778,0.1588422340105653,0.6501587301587302,0.8812980055809021,0.6501587301587302,0.9156644940376282,0.6501587301587302,0.816977858543396,0.6501587301587302,0.8725482225418091,0.6501587301587302,0.8585858585858586,0.6501587301587302,0.8585858585858586,0.6501587301587302,0.8333333333333334,0.8854166666666666,11,6,1.0,True,butchered,0.7369835317460318,False,ear-training
2026-09-12-four-to-five,sampled,own,own,4,0.1533276162385072,0.758344671201814,0.3979963145340098,1.6950566893424035,0.3302256699495189,1.0913378684807256,0.855822741985321,1.0913378684807256,0.9746845960617064,1.0913378684807256,0.8177052736282349,1.0913378684807256,0.9459120631217957,1.0913378684807256,0.8677896886166412,1.0913378684807256,0.8677896886166412,1.0913378684807256,0.9615384615384616,0.7906976744186046,13,8,0.75,False,clean,0.7278785588309398,False,ear-training
2026-09-12-four-to-five,synthetic,own,own,4,0.113636800015381,1.423310657596372,0.5526580604624135,0.0,0.1220622914554406,1.1145578231292517,0.8549340963363647,1.1145578231292517,0.9766852259635924,1.1145578231292517,0.8160819411277771,1.1145578231292517,0.942205548286438,1.1145578231292517,0.8684580334710216,1.1145578231292517,0.8684580334710216,1.1145578231292517,0.9519230769230768,0.7984496124031008,13,5,0.75,False,clean,0.7278785588309398,False,ear-training
2026-10-01-enclosure-from-above-dotted-quar,sampled,own,own,4,0.2363846309705704,1.729750566893424,0.437601688604338,0.6965986394557824,0.1471996872824994,1.7182766439909298,0.8719303607940674,1.7182766439909298,0.9744656682014464,1.7182766439909298,0.8387842774391174,1.7182766439909298,0.9471772909164428,1.7182766439909298,0.8497409326424871,1.7182766439909298,0.8497409326424871,1.7182766439909298,0.8913043478260869,0.8118811881188119,12,8,1.0,True,clean,0.9860071806500378,False,ear-training
2026-10-01-enclosure-from-above-dotted-quar,synthetic,own,own,4,0.2577166015792068,1.7775283446712018,0.5907178205034748,0.4876190476190476,0.3753080408865714,1.7414965986394555,0.8694785237312317,1.7414965986394555,0.9716885089874268,1.7414965986394555,0.8432650566101074,1.7414965986394555,0.9498496055603028,1.7414965986394555,0.8553459119496856,1.7414965986394555,0.8553459119496856,1.7414965986394555,0.8695652173913043,0.8415841584158416,12,5,1.0,True,clean,0.9860071806500378,False,ear-training
2026-10-06-fats-navarro-wail-a,sampled,own,own,16,0.0281175463914395,0.3608616780045351,0.3176670091050751,0.0,0.0327220734044529,0.2089795918367347,0.6057111024856567,0.2089795918367347,0.7395392656326294,0.2089795918367347,0.4611967504024505,0.2321995464852607,0.593550443649292,0.2321995464852607,0.5110370541459068,0.2089795918367347,0.457601827459794,0.2089795918367347,0.5203252032520326,0.5020746887966805,42,22,0.6086956521739131,True,inflated,0.877630070546734,False,lick-practice
2026-10-06-fats-navarro-wail-a,synthetic,own,own,16,0.0284860228191967,0.5801587301587302,0.2681449047966927,0.5572789115646258,0.0,0.2321995464852607,0.5969213843345642,0.2321995464852607,0.7364013195037842,0.2321995464852607,0.4342410564422607,0.2321995464852607,0.5544646978378296,0.2321995464852607,0.5121872916306521,0.2321995464852607,0.4587702289164376,0.2321995464852607,0.5182926829268293,0.5062240663900415,42,17,0.6086956521739131,True,inflated,0.877630070546734,False,lick-practice
2026-10-06-fats-navarro-wail-b,sampled,own,own,16,0.0413098544162559,0.0239455782312925,0.3810143581734518,0.5572789115646258,0.0992232718706727,0.1160997732426303,0.7463076114654541,0.1160997732426303,0.8586196899414062,0.1160997732426303,0.6485369801521301,0.1160997732426303,0.7303917407989502,0.1160997732426303,0.6927927958132034,0.1160997732426303,0.5388920991125409,0.1160997732426303,0.7370786516853932,0.6535269709543569,39,22,0.7894736842105263,True,inflated,0.9339169186192942,False,lick-practice
2026-10-06-fats-navarro-wail-b,synthetic,own,own,16,0.0405993813897633,0.4536961451247165,0.3401292540261779,0.0928798185941043,0.1279514318665629,0.1393197278911564,0.7516581416130066,0.1393197278911564,0.8687328696250916,0.1393197278911564,0.6141878962516785,0.1393197278911564,0.6888568997383118,0.1393197278911564,0.694515152327108,0.1393197278911564,0.5393743257820929,0.1393197278911564,0.7280898876404495,0.6639004149377593,39,17,0.7894736842105263,True,inflated,0.9339169186192942,False,lick-practice
