renderer,metric,take,case,value,clean_min,clean_p10,clean_median,percentile_among_clean,ok
sampled,m1_raw,2026-05-07-locrian-descent,flawed,0.2658650997223521,0.0627596004179754,0.08772396880698209,0.1806560291842984,0.9,False
sampled,m1_raw,2026-07-08-four-to-five,flawed,0.0276485777613052,0.0627596004179754,0.08772396880698209,0.1806560291842984,0.0,True
sampled,m1_raw,2026-07-25-root-frame,butchered,0.0322891917375072,0.0627596004179754,0.08772396880698209,0.1806560291842984,0.0,False
sampled,m1_raw,2026-08-10-pent-1-2-3-5-eighth-run-hold,flawed,0.1751301774959562,0.0627596004179754,0.08772396880698209,0.1806560291842984,0.5,False
sampled,m1_raw,2026-09-03-tonic-turn-with-leading-tone,butchered,0.0940922476923374,0.0627596004179754,0.08772396880698209,0.1806560291842984,0.13333333333333333,True
sampled,m1_raw,2026-09-09-blue-note-drop,butchered,0.2658880892731696,0.0627596004179754,0.08772396880698209,0.1806560291842984,0.9,True
sampled,m1_raw,2026-09-16-sharp-9-flat-9-dom,flawed,0.2036904394639888,0.0627596004179754,0.08772396880698209,0.1806560291842984,0.6333333333333333,False
sampled,m1_raw,2026-10-03-four-to-five,flawed,0.3454414241265611,0.0627596004179754,0.08772396880698209,0.1806560291842984,1.0,False
sampled,m1_raw,2026-10-03-honeysuckle-rose-b,butchered,0.3002188266632803,0.0627596004179754,0.08772396880698209,0.1806560291842984,0.9333333333333333,True
sampled,m1_raw,2026-10-03-honeysuckle-rose,butchered,0.2567023381291122,0.0627596004179754,0.08772396880698209,0.1806560291842984,0.8666666666666667,True
sampled,m1_raw,2026-05-12-pent-upper-neighbor-dotted-quart,butchered,0.1334218166994782,0.0627596004179754,0.08772396880698209,0.1806560291842984,0.3333333333333333,True
sampled,m1_raw,2026-07-28-pent-1-3-2-5-dotted-quarter-eigh,butchered,0.1486860896825041,0.0627596004179754,0.08772396880698209,0.1806560291842984,0.4,True
sampled,m1_raw,2026-10-06-fats-navarro-wail-a,inflated,0.0281175463914395,0.0627596004179754,0.08772396880698209,0.1806560291842984,0.0,True
sampled,m1_raw,2026-10-06-fats-navarro-wail-b,inflated,0.0413098544162559,0.0627596004179754,0.08772396880698209,0.1806560291842984,0.0,True
sampled,m2_env,2026-05-07-locrian-descent,flawed,0.5613638358647647,0.4249685039142308,0.4626078926283625,0.5617451924462951,0.5,False
sampled,m2_env,2026-07-08-four-to-five,flawed,0.6213545481798546,0.4249685039142308,0.4626078926283625,0.5617451924462951,0.7666666666666667,False
sampled,m2_env,2026-07-25-root-frame,butchered,0.3361328853572515,0.4249685039142308,0.4626078926283625,0.5617451924462951,0.0,False
sampled,m2_env,2026-08-10-pent-1-2-3-5-eighth-run-hold,flawed,0.3686414611306628,0.4249685039142308,0.4626078926283625,0.5617451924462951,0.0,True
sampled,m2_env,2026-09-03-tonic-turn-with-leading-tone,butchered,0.5934624888890295,0.4249685039142308,0.4626078926283625,0.5617451924462951,0.6666666666666666,True
sampled,m2_env,2026-09-09-blue-note-drop,butchered,0.5457217258636724,0.4249685039142308,0.4626078926283625,0.5617451924462951,0.4,True
sampled,m2_env,2026-09-16-sharp-9-flat-9-dom,flawed,0.4986471505138162,0.4249685039142308,0.4626078926283625,0.5617451924462951,0.26666666666666666,False
sampled,m2_env,2026-10-03-four-to-five,flawed,0.3766719685364615,0.4249685039142308,0.4626078926283625,0.5617451924462951,0.0,True
sampled,m2_env,2026-10-03-honeysuckle-rose-b,butchered,0.5090226631153856,0.4249685039142308,0.4626078926283625,0.5617451924462951,0.26666666666666666,True
sampled,m2_env,2026-10-03-honeysuckle-rose,butchered,0.4876685046362616,0.4249685039142308,0.4626078926283625,0.5617451924462951,0.2,True
sampled,m2_env,2026-05-12-pent-upper-neighbor-dotted-quart,butchered,0.6690770032423682,0.4249685039142308,0.4626078926283625,0.5617451924462951,0.8333333333333334,True
sampled,m2_env,2026-07-28-pent-1-3-2-5-dotted-quarter-eigh,butchered,0.5649894692390407,0.4249685039142308,0.4626078926283625,0.5617451924462951,0.5333333333333333,True
sampled,m2_env,2026-10-06-fats-navarro-wail-a,inflated,0.3176670091050751,0.4249685039142308,0.4626078926283625,0.5617451924462951,0.0,True
sampled,m2_env,2026-10-06-fats-navarro-wail-b,inflated,0.3810143581734518,0.4249685039142308,0.4626078926283625,0.5617451924462951,0.0,True
sampled,m2_env_at,2026-05-07-locrian-descent,flawed,0.1696124697436458,0.0,0.0,0.12535411220535456,0.6,False
sampled,m2_env_at,2026-07-08-four-to-five,flawed,0.0409114911834138,0.0,0.0,0.12535411220535456,0.3333333333333333,False
sampled,m2_env_at,2026-07-25-root-frame,butchered,0.0142188183977992,0.0,0.0,0.12535411220535456,0.3,True
sampled,m2_env_at,2026-08-10-pent-1-2-3-5-eighth-run-hold,flawed,0.2810916808729047,0.0,0.0,0.12535411220535456,0.8,False
sampled,m2_env_at,2026-09-03-tonic-turn-with-leading-tone,butchered,0.1599470526239637,0.0,0.0,0.12535411220535456,0.6,True
sampled,m2_env_at,2026-09-09-blue-note-drop,butchered,0.4811251196675108,0.0,0.0,0.12535411220535456,0.9333333333333333,True
sampled,m2_env_at,2026-09-16-sharp-9-flat-9-dom,flawed,0.2669404589431374,0.0,0.0,0.12535411220535456,0.7666666666666667,False
sampled,m2_env_at,2026-10-03-four-to-five,flawed,0.2167439738705027,0.0,0.0,0.12535411220535456,0.6333333333333333,False
sampled,m2_env_at,2026-10-03-honeysuckle-rose-b,butchered,0.5090226631153856,0.0,0.0,0.12535411220535456,0.9666666666666667,True
sampled,m2_env_at,2026-10-03-honeysuckle-rose,butchered,0.0817448944302744,0.0,0.0,0.12535411220535456,0.4,True
sampled,m2_env_at,2026-05-12-pent-upper-neighbor-dotted-quart,butchered,0.1748360471155867,0.0,0.0,0.12535411220535456,0.6,True
sampled,m2_env_at,2026-07-28-pent-1-3-2-5-dotted-quarter-eigh,butchered,0.0418974591040505,0.0,0.0,0.12535411220535456,0.3333333333333333,True
sampled,m2_env_at,2026-10-06-fats-navarro-wail-a,inflated,0.0327220734044529,0.0,0.0,0.12535411220535456,0.3,False
sampled,m2_env_at,2026-10-06-fats-navarro-wail-b,inflated,0.0992232718706727,0.0,0.0,0.12535411220535456,0.4,False
sampled,m3_chroma,2026-05-07-locrian-descent,flawed,0.7249166369438171,0.7881026268005371,0.8707078039646149,0.927627444267273,0.0,True
sampled,m3_chroma,2026-07-08-four-to-five,flawed,0.4138422906398773,0.7881026268005371,0.8707078039646149,0.927627444267273,0.0,True
sampled,m3_chroma,2026-07-25-root-frame,butchered,0.7755144238471985,0.7881026268005371,0.8707078039646149,0.927627444267273,0.0,False
sampled,m3_chroma,2026-08-10-pent-1-2-3-5-eighth-run-hold,flawed,0.8794100284576416,0.7881026268005371,0.8707078039646149,0.927627444267273,0.2,False
sampled,m3_chroma,2026-09-03-tonic-turn-with-leading-tone,butchered,0.8816017508506775,0.7881026268005371,0.8707078039646149,0.927627444267273,0.2,True
sampled,m3_chroma,2026-09-09-blue-note-drop,butchered,0.9630733728408812,0.7881026268005371,0.8707078039646149,0.927627444267273,0.8666666666666667,True
sampled,m3_chroma,2026-09-16-sharp-9-flat-9-dom,flawed,0.8490229845046997,0.7881026268005371,0.8707078039646149,0.927627444267273,0.06666666666666667,True
sampled,m3_chroma,2026-10-03-four-to-five,flawed,0.8524273037910461,0.7881026268005371,0.8707078039646149,0.927627444267273,0.06666666666666667,True
sampled,m3_chroma,2026-10-03-honeysuckle-rose-b,butchered,0.8582931160926819,0.7881026268005371,0.8707078039646149,0.927627444267273,0.06666666666666667,False
sampled,m3_chroma,2026-10-03-honeysuckle-rose,butchered,0.8808727264404297,0.7881026268005371,0.8707078039646149,0.927627444267273,0.2,True
sampled,m3_chroma,2026-05-12-pent-upper-neighbor-dotted-quart,butchered,0.842750072479248,0.7881026268005371,0.8707078039646149,0.927627444267273,0.06666666666666667,False
sampled,m3_chroma,2026-07-28-pent-1-3-2-5-dotted-quarter-eigh,butchered,0.9120119214057922,0.7881026268005371,0.8707078039646149,0.927627444267273,0.3333333333333333,True
sampled,m3_chroma,2026-10-06-fats-navarro-wail-a,inflated,0.6057111024856567,0.7881026268005371,0.8707078039646149,0.927627444267273,0.0,True
sampled,m3_chroma,2026-10-06-fats-navarro-wail-b,inflated,0.7463076114654541,0.7881026268005371,0.8707078039646149,0.927627444267273,0.0,True
sampled,m3_chroma_dtw,2026-05-07-locrian-descent,flawed,0.9262247085571288,0.938407063484192,0.9439202547073363,0.9727751016616821,0.0,True
sampled,m3_chroma_dtw,2026-07-08-four-to-five,flawed,0.6263167858123779,0.938407063484192,0.9439202547073363,0.9727751016616821,0.0,True
sampled,m3_chroma_dtw,2026-07-25-root-frame,butchered,0.881485641002655,0.938407063484192,0.9439202547073363,0.9727751016616821,0.0,False
sampled,m3_chroma_dtw,2026-08-10-pent-1-2-3-5-eighth-run-hold,flawed,0.9232102632522584,0.938407063484192,0.9439202547073363,0.9727751016616821,0.0,True
sampled,m3_chroma_dtw,2026-09-03-tonic-turn-with-leading-tone,butchered,0.9571919441223145,0.938407063484192,0.9439202547073363,0.9727751016616821,0.3333333333333333,True
sampled,m3_chroma_dtw,2026-09-09-blue-note-drop,butchered,0.9694181084632874,0.938407063484192,0.9439202547073363,0.9727751016616821,0.4666666666666667,True
sampled,m3_chroma_dtw,2026-09-16-sharp-9-flat-9-dom,flawed,0.8931431770324707,0.938407063484192,0.9439202547073363,0.9727751016616821,0.0,True
sampled,m3_chroma_dtw,2026-10-03-four-to-five,flawed,0.9796248078346252,0.938407063484192,0.9439202547073363,0.9727751016616821,0.6333333333333333,False
sampled,m3_chroma_dtw,2026-10-03-honeysuckle-rose-b,butchered,0.9216530919075012,0.938407063484192,0.9439202547073363,0.9727751016616821,0.0,False
sampled,m3_chroma_dtw,2026-10-03-honeysuckle-rose,butchered,0.957846701145172,0.938407063484192,0.9439202547073363,0.9727751016616821,0.3333333333333333,True
sampled,m3_chroma_dtw,2026-05-12-pent-upper-neighbor-dotted-quart,butchered,0.9219316244125366,0.938407063484192,0.9439202547073363,0.9727751016616821,0.0,False
sampled,m3_chroma_dtw,2026-07-28-pent-1-3-2-5-dotted-quarter-eigh,butchered,0.9415245056152344,0.938407063484192,0.9439202547073363,0.9727751016616821,0.06666666666666667,False
sampled,m3_chroma_dtw,2026-10-06-fats-navarro-wail-a,inflated,0.7395392656326294,0.938407063484192,0.9439202547073363,0.9727751016616821,0.0,True
sampled,m3_chroma_dtw,2026-10-06-fats-navarro-wail-b,inflated,0.8586196899414062,0.938407063484192,0.9439202547073363,0.9727751016616821,0.0,True
sampled,m4_cqt,2026-05-07-locrian-descent,flawed,0.65146803855896,0.69074946641922,0.7646250426769257,0.867528885602951,0.0,True
sampled,m4_cqt,2026-07-08-four-to-five,flawed,0.390901118516922,0.69074946641922,0.7646250426769257,0.867528885602951,0.0,True
sampled,m4_cqt,2026-07-25-root-frame,butchered,0.7523074746131897,0.69074946641922,0.7646250426769257,0.867528885602951,0.06666666666666667,False
sampled,m4_cqt,2026-08-10-pent-1-2-3-5-eighth-run-hold,flawed,0.8840285539627075,0.69074946641922,0.7646250426769257,0.867528885602951,0.6333333333333333,False
sampled,m4_cqt,2026-09-03-tonic-turn-with-leading-tone,butchered,0.7918820977210999,0.69074946641922,0.7646250426769257,0.867528885602951,0.13333333333333333,True
sampled,m4_cqt,2026-09-09-blue-note-drop,butchered,0.9045768976211548,0.69074946641922,0.7646250426769257,0.867528885602951,0.7666666666666667,True
sampled,m4_cqt,2026-09-16-sharp-9-flat-9-dom,flawed,0.7764884233474731,0.69074946641922,0.7646250426769257,0.867528885602951,0.13333333333333333,False
sampled,m4_cqt,2026-10-03-four-to-five,flawed,0.7666609883308411,0.69074946641922,0.7646250426769257,0.867528885602951,0.13333333333333333,False
sampled,m4_cqt,2026-10-03-honeysuckle-rose-b,butchered,0.802606463432312,0.69074946641922,0.7646250426769257,0.867528885602951,0.13333333333333333,True
sampled,m4_cqt,2026-10-03-honeysuckle-rose,butchered,0.8319733142852783,0.69074946641922,0.7646250426769257,0.867528885602951,0.13333333333333333,True
sampled,m4_cqt,2026-05-12-pent-upper-neighbor-dotted-quart,butchered,0.8569061160087585,0.69074946641922,0.7646250426769257,0.867528885602951,0.4,True
sampled,m4_cqt,2026-07-28-pent-1-3-2-5-dotted-quarter-eigh,butchered,0.8519182801246643,0.69074946641922,0.7646250426769257,0.867528885602951,0.36666666666666664,True
sampled,m4_cqt,2026-10-06-fats-navarro-wail-a,inflated,0.4611967504024505,0.69074946641922,0.7646250426769257,0.867528885602951,0.0,True
sampled,m4_cqt,2026-10-06-fats-navarro-wail-b,inflated,0.6485369801521301,0.69074946641922,0.7646250426769257,0.867528885602951,0.0,True
sampled,m4_cqt_dtw,2026-05-07-locrian-descent,flawed,0.8871533870697021,0.799697756767273,0.8549004852771759,0.9288325905799866,0.23333333333333334,False
sampled,m4_cqt_dtw,2026-07-08-four-to-five,flawed,0.5790179371833801,0.799697756767273,0.8549004852771759,0.9288325905799866,0.0,True
sampled,m4_cqt_dtw,2026-07-25-root-frame,butchered,0.8635176420211792,0.799697756767273,0.8549004852771759,0.9288325905799866,0.13333333333333333,True
sampled,m4_cqt_dtw,2026-08-10-pent-1-2-3-5-eighth-run-hold,flawed,0.9128763675689696,0.799697756767273,0.8549004852771759,0.9288325905799866,0.36666666666666664,False
sampled,m4_cqt_dtw,2026-09-03-tonic-turn-with-leading-tone,butchered,0.8828759789466858,0.799697756767273,0.8549004852771759,0.9288325905799866,0.2,True
sampled,m4_cqt_dtw,2026-09-09-blue-note-drop,butchered,0.922219693660736,0.799697756767273,0.8549004852771759,0.9288325905799866,0.4,True
sampled,m4_cqt_dtw,2026-09-16-sharp-9-flat-9-dom,flawed,0.8360334038734436,0.799697756767273,0.8549004852771759,0.9288325905799866,0.06666666666666667,True
sampled,m4_cqt_dtw,2026-10-03-four-to-five,flawed,0.892174482345581,0.799697756767273,0.8549004852771759,0.9288325905799866,0.23333333333333334,False
sampled,m4_cqt_dtw,2026-10-03-honeysuckle-rose-b,butchered,0.8899013996124268,0.799697756767273,0.8549004852771759,0.9288325905799866,0.23333333333333334,True
sampled,m4_cqt_dtw,2026-10-03-honeysuckle-rose,butchered,0.9311987161636353,0.799697756767273,0.8549004852771759,0.9288325905799866,0.5333333333333333,True
sampled,m4_cqt_dtw,2026-05-12-pent-upper-neighbor-dotted-quart,butchered,0.9324125051498412,0.799697756767273,0.8549004852771759,0.9288325905799866,0.5333333333333333,True
sampled,m4_cqt_dtw,2026-07-28-pent-1-3-2-5-dotted-quarter-eigh,butchered,0.9111931920051576,0.799697756767273,0.8549004852771759,0.9288325905799866,0.3333333333333333,True
sampled,m4_cqt_dtw,2026-10-06-fats-navarro-wail-a,inflated,0.593550443649292,0.799697756767273,0.8549004852771759,0.9288325905799866,0.0,True
sampled,m4_cqt_dtw,2026-10-06-fats-navarro-wail-b,inflated,0.7303917407989502,0.799697756767273,0.8549004852771759,0.9288325905799866,0.0,True
sampled,m5_cover,2026-05-07-locrian-descent,flawed,0.5803146725210391,0.1680949241924851,0.8503540691387963,0.9220091450380533,0.03333333333333333,True
sampled,m5_cover,2026-07-08-four-to-five,flawed,0.320704845814978,0.1680949241924851,0.8503540691387963,0.9220091450380533,0.03333333333333333,True
sampled,m5_cover,2026-07-25-root-frame,butchered,0.7912355447352404,0.1680949241924851,0.8503540691387963,0.9220091450380533,0.03333333333333333,False
sampled,m5_cover,2026-08-10-pent-1-2-3-5-eighth-run-hold,flawed,0.8566424380418601,0.1680949241924851,0.8503540691387963,0.9220091450380533,0.13333333333333333,False
sampled,m5_cover,2026-09-03-tonic-turn-with-leading-tone,butchered,0.8649050986229996,0.1680949241924851,0.8503540691387963,0.9220091450380533,0.2,True
sampled,m5_cover,2026-09-09-blue-note-drop,butchered,0.9383886255924172,0.1680949241924851,0.8503540691387963,0.9220091450380533,0.7333333333333333,True
sampled,m5_cover,2026-09-16-sharp-9-flat-9-dom,flawed,0.7292201382033565,0.1680949241924851,0.8503540691387963,0.9220091450380533,0.03333333333333333,True
sampled,m5_cover,2026-10-03-four-to-five,flawed,0.8864409285819902,0.1680949241924851,0.8503540691387963,0.9220091450380533,0.23333333333333334,False
sampled,m5_cover,2026-10-03-honeysuckle-rose-b,butchered,0.7292657704239918,0.1680949241924851,0.8503540691387963,0.9220091450380533,0.03333333333333333,False
sampled,m5_cover,2026-10-03-honeysuckle-rose,butchered,0.7790143084260732,0.1680949241924851,0.8503540691387963,0.9220091450380533,0.03333333333333333,False
sampled,m5_cover,2026-05-12-pent-upper-neighbor-dotted-quart,butchered,0.8836841727135569,0.1680949241924851,0.8503540691387963,0.9220091450380533,0.23333333333333334,True
sampled,m5_cover,2026-07-28-pent-1-3-2-5-dotted-quarter-eigh,butchered,0.8801775147928994,0.1680949241924851,0.8503540691387963,0.9220091450380533,0.2,True
sampled,m5_cover,2026-10-06-fats-navarro-wail-a,inflated,0.5110370541459068,0.1680949241924851,0.8503540691387963,0.9220091450380533,0.03333333333333333,True
sampled,m5_cover,2026-10-06-fats-navarro-wail-b,inflated,0.6927927958132034,0.1680949241924851,0.8503540691387963,0.9220091450380533,0.03333333333333333,True
sampled,m5_cover_strict,2026-05-07-locrian-descent,flawed,0.5803146725210391,0.1680949241924851,0.8503540691387963,0.9220091450380533,0.03333333333333333,True
sampled,m5_cover_strict,2026-07-08-four-to-five,flawed,0.320704845814978,0.1680949241924851,0.8503540691387963,0.9220091450380533,0.03333333333333333,True
sampled,m5_cover_strict,2026-07-25-root-frame,butchered,0.7912355447352404,0.1680949241924851,0.8503540691387963,0.9220091450380533,0.03333333333333333,False
sampled,m5_cover_strict,2026-08-10-pent-1-2-3-5-eighth-run-hold,flawed,0.8566424380418601,0.1680949241924851,0.8503540691387963,0.9220091450380533,0.13333333333333333,False
sampled,m5_cover_strict,2026-09-03-tonic-turn-with-leading-tone,butchered,0.8649050986229996,0.1680949241924851,0.8503540691387963,0.9220091450380533,0.2,True
sampled,m5_cover_strict,2026-09-09-blue-note-drop,butchered,0.9383886255924172,0.1680949241924851,0.8503540691387963,0.9220091450380533,0.7333333333333333,True
sampled,m5_cover_strict,2026-09-16-sharp-9-flat-9-dom,flawed,0.6783060921248142,0.1680949241924851,0.8503540691387963,0.9220091450380533,0.03333333333333333,True
sampled,m5_cover_strict,2026-10-03-four-to-five,flawed,0.8864409285819902,0.1680949241924851,0.8503540691387963,0.9220091450380533,0.23333333333333334,False
sampled,m5_cover_strict,2026-10-03-honeysuckle-rose-b,butchered,0.5654618473895583,0.1680949241924851,0.8503540691387963,0.9220091450380533,0.03333333333333333,False
sampled,m5_cover_strict,2026-10-03-honeysuckle-rose,butchered,0.7790143084260732,0.1680949241924851,0.8503540691387963,0.9220091450380533,0.03333333333333333,False
sampled,m5_cover_strict,2026-05-12-pent-upper-neighbor-dotted-quart,butchered,0.8836841727135569,0.1680949241924851,0.8503540691387963,0.9220091450380533,0.23333333333333334,True
sampled,m5_cover_strict,2026-07-28-pent-1-3-2-5-dotted-quarter-eigh,butchered,0.8801775147928994,0.1680949241924851,0.8503540691387963,0.9220091450380533,0.2,True
sampled,m5_cover_strict,2026-10-06-fats-navarro-wail-a,inflated,0.457601827459794,0.1680949241924851,0.8503540691387963,0.9220091450380533,0.03333333333333333,True
sampled,m5_cover_strict,2026-10-06-fats-navarro-wail-b,inflated,0.5388920991125409,0.1680949241924851,0.8503540691387963,0.9220091450380533,0.03333333333333333,True
synthetic,m1_raw,2026-05-07-locrian-descent,flawed,0.2035372248630889,0.0572929501477346,0.07860249685676222,0.19292886709642637,0.5333333333333333,False
synthetic,m1_raw,2026-07-08-four-to-five,flawed,0.0651405255119943,0.0572929501477346,0.07860249685676222,0.19292886709642637,0.03333333333333333,True
synthetic,m1_raw,2026-07-25-root-frame,butchered,0.0512895993581732,0.0572929501477346,0.07860249685676222,0.19292886709642637,0.0,False
synthetic,m1_raw,2026-08-10-pent-1-2-3-5-eighth-run-hold,flawed,0.2719698894645663,0.0572929501477346,0.07860249685676222,0.19292886709642637,0.8333333333333334,False
synthetic,m1_raw,2026-09-03-tonic-turn-with-leading-tone,butchered,0.0894570063622833,0.0572929501477346,0.07860249685676222,0.19292886709642637,0.16666666666666666,True
synthetic,m1_raw,2026-09-09-blue-note-drop,butchered,0.2759740208724165,0.0572929501477346,0.07860249685676222,0.19292886709642637,0.8333333333333334,True
synthetic,m1_raw,2026-09-16-sharp-9-flat-9-dom,flawed,0.1950922978026721,0.0572929501477346,0.07860249685676222,0.19292886709642637,0.5,False
synthetic,m1_raw,2026-10-03-four-to-five,flawed,0.2655706107301048,0.0572929501477346,0.07860249685676222,0.19292886709642637,0.8333333333333334,False
synthetic,m1_raw,2026-10-03-honeysuckle-rose-b,butchered,0.2493923832115838,0.0572929501477346,0.07860249685676222,0.19292886709642637,0.7666666666666667,True
synthetic,m1_raw,2026-10-03-honeysuckle-rose,butchered,0.3143582104115865,0.0572929501477346,0.07860249685676222,0.19292886709642637,0.9333333333333333,True
synthetic,m1_raw,2026-05-12-pent-upper-neighbor-dotted-quart,butchered,0.1081228013102926,0.0572929501477346,0.07860249685676222,0.19292886709642637,0.2,True
synthetic,m1_raw,2026-07-28-pent-1-3-2-5-dotted-quarter-eigh,butchered,0.2323992790358851,0.0572929501477346,0.07860249685676222,0.19292886709642637,0.6666666666666666,True
synthetic,m1_raw,2026-10-06-fats-navarro-wail-a,inflated,0.0284860228191967,0.0572929501477346,0.07860249685676222,0.19292886709642637,0.0,True
synthetic,m1_raw,2026-10-06-fats-navarro-wail-b,inflated,0.0405993813897633,0.0572929501477346,0.07860249685676222,0.19292886709642637,0.0,True
synthetic,m2_env,2026-05-07-locrian-descent,flawed,0.49660863974902,0.4321232423414842,0.5383408138013545,0.6757580275763744,0.06666666666666667,True
synthetic,m2_env,2026-07-08-four-to-five,flawed,0.7314332502689866,0.4321232423414842,0.5383408138013545,0.6757580275763744,0.7,False
synthetic,m2_env,2026-07-25-root-frame,butchered,0.4249715940194781,0.4321232423414842,0.5383408138013545,0.6757580275763744,0.0,False
synthetic,m2_env,2026-08-10-pent-1-2-3-5-eighth-run-hold,flawed,0.6488787452516189,0.4321232423414842,0.5383408138013545,0.6757580275763744,0.4,False
synthetic,m2_env,2026-09-03-tonic-turn-with-leading-tone,butchered,0.6343003426448254,0.4321232423414842,0.5383408138013545,0.6757580275763744,0.3333333333333333,True
synthetic,m2_env,2026-09-09-blue-note-drop,butchered,0.6196704642449689,0.4321232423414842,0.5383408138013545,0.6757580275763744,0.26666666666666666,True
synthetic,m2_env,2026-09-16-sharp-9-flat-9-dom,flawed,0.4461779116614112,0.4321232423414842,0.5383408138013545,0.6757580275763744,0.03333333333333333,True
synthetic,m2_env,2026-10-03-four-to-five,flawed,0.5688439961041305,0.4321232423414842,0.5383408138013545,0.6757580275763744,0.13333333333333333,False
synthetic,m2_env,2026-10-03-honeysuckle-rose-b,butchered,0.1779230899694082,0.4321232423414842,0.5383408138013545,0.6757580275763744,0.0,False
synthetic,m2_env,2026-10-03-honeysuckle-rose,butchered,0.4157905693984765,0.4321232423414842,0.5383408138013545,0.6757580275763744,0.0,False
synthetic,m2_env,2026-05-12-pent-upper-neighbor-dotted-quart,butchered,0.412666651609938,0.4321232423414842,0.5383408138013545,0.6757580275763744,0.0,False
synthetic,m2_env,2026-07-28-pent-1-3-2-5-dotted-quarter-eigh,butchered,0.5419540237645714,0.4321232423414842,0.5383408138013545,0.6757580275763744,0.1,True
synthetic,m2_env,2026-10-06-fats-navarro-wail-a,inflated,0.2681449047966927,0.4321232423414842,0.5383408138013545,0.6757580275763744,0.0,True
synthetic,m2_env,2026-10-06-fats-navarro-wail-b,inflated,0.3401292540261779,0.4321232423414842,0.5383408138013545,0.6757580275763744,0.0,True
synthetic,m2_env_at,2026-05-07-locrian-descent,flawed,0.2271359031414308,0.0,0.0,0.2088267284858924,0.5333333333333333,False
synthetic,m2_env_at,2026-07-08-four-to-five,flawed,0.0,0.0,0.0,0.2088267284858924,0.0,True
synthetic,m2_env_at,2026-07-25-root-frame,butchered,0.0989442193534584,0.0,0.0,0.2088267284858924,0.26666666666666666,True
synthetic,m2_env_at,2026-08-10-pent-1-2-3-5-eighth-run-hold,flawed,0.517697210605585,0.0,0.0,0.2088267284858924,1.0,False
synthetic,m2_env_at,2026-09-03-tonic-turn-with-leading-tone,butchered,0.3587553671301583,0.0,0.0,0.2088267284858924,0.9,True
synthetic,m2_env_at,2026-09-09-blue-note-drop,butchered,0.0908251289965077,0.0,0.0,0.2088267284858924,0.23333333333333334,True
synthetic,m2_env_at,2026-09-16-sharp-9-flat-9-dom,flawed,0.1699617405825116,0.0,0.0,0.2088267284858924,0.3333333333333333,False
synthetic,m2_env_at,2026-10-03-four-to-five,flawed,0.14960127838391,0.0,0.0,0.2088267284858924,0.3,False
synthetic,m2_env_at,2026-10-03-honeysuckle-rose-b,butchered,0.0,0.0,0.0,0.2088267284858924,0.0,False
synthetic,m2_env_at,2026-10-03-honeysuckle-rose,butchered,0.0678222889966177,0.0,0.0,0.2088267284858924,0.2,True
synthetic,m2_env_at,2026-05-12-pent-upper-neighbor-dotted-quart,butchered,0.3150967232494912,0.0,0.0,0.2088267284858924,0.8666666666666667,True
synthetic,m2_env_at,2026-07-28-pent-1-3-2-5-dotted-quarter-eigh,butchered,0.1588422340105653,0.0,0.0,0.2088267284858924,0.3,True
synthetic,m2_env_at,2026-10-06-fats-navarro-wail-a,inflated,0.0,0.0,0.0,0.2088267284858924,0.0,True
synthetic,m2_env_at,2026-10-06-fats-navarro-wail-b,inflated,0.1279514318665629,0.0,0.0,0.2088267284858924,0.26666666666666666,False
synthetic,m3_chroma,2026-05-07-locrian-descent,flawed,0.7242472171783447,0.7946046590805054,0.8643692791461944,0.9110597670078278,0.0,True
synthetic,m3_chroma,2026-07-08-four-to-five,flawed,0.4371587038040161,0.7946046590805054,0.8643692791461944,0.9110597670078278,0.0,True
synthetic,m3_chroma,2026-07-25-root-frame,butchered,0.7694608569145203,0.7946046590805054,0.8643692791461944,0.9110597670078278,0.0,False
synthetic,m3_chroma,2026-08-10-pent-1-2-3-5-eighth-run-hold,flawed,0.875116229057312,0.7946046590805054,0.8643692791461944,0.9110597670078278,0.2,False
synthetic,m3_chroma,2026-09-03-tonic-turn-with-leading-tone,butchered,0.8782696723937988,0.7946046590805054,0.8643692791461944,0.9110597670078278,0.2,True
synthetic,m3_chroma,2026-09-09-blue-note-drop,butchered,0.9201306104660034,0.7946046590805054,0.8643692791461944,0.9110597670078278,0.6,True
synthetic,m3_chroma,2026-09-16-sharp-9-flat-9-dom,flawed,0.8175617456436157,0.7946046590805054,0.8643692791461944,0.9110597670078278,0.03333333333333333,True
synthetic,m3_chroma,2026-10-03-four-to-five,flawed,0.8333401083946228,0.7946046590805054,0.8643692791461944,0.9110597670078278,0.06666666666666667,True
synthetic,m3_chroma,2026-10-03-honeysuckle-rose-b,butchered,0.8538620471954346,0.7946046590805054,0.8643692791461944,0.9110597670078278,0.06666666666666667,False
synthetic,m3_chroma,2026-10-03-honeysuckle-rose,butchered,0.8823737502098083,0.7946046590805054,0.8643692791461944,0.9110597670078278,0.23333333333333334,True
synthetic,m3_chroma,2026-05-12-pent-upper-neighbor-dotted-quart,butchered,0.8278395533561707,0.7946046590805054,0.8643692791461944,0.9110597670078278,0.06666666666666667,False
synthetic,m3_chroma,2026-07-28-pent-1-3-2-5-dotted-quarter-eigh,butchered,0.8812980055809021,0.7946046590805054,0.8643692791461944,0.9110597670078278,0.2,True
synthetic,m3_chroma,2026-10-06-fats-navarro-wail-a,inflated,0.5969213843345642,0.7946046590805054,0.8643692791461944,0.9110597670078278,0.0,True
synthetic,m3_chroma,2026-10-06-fats-navarro-wail-b,inflated,0.7516581416130066,0.7946046590805054,0.8643692791461944,0.9110597670078278,0.0,True
synthetic,m3_chroma_dtw,2026-05-07-locrian-descent,flawed,0.918104648590088,0.9118692278862,0.9239282608032227,0.966241866350174,0.06666666666666667,True
synthetic,m3_chroma_dtw,2026-07-08-four-to-five,flawed,0.6415765285491943,0.9118692278862,0.9239282608032227,0.966241866350174,0.0,True
synthetic,m3_chroma_dtw,2026-07-25-root-frame,butchered,0.8784066438674927,0.9118692278862,0.9239282608032227,0.966241866350174,0.0,False
synthetic,m3_chroma_dtw,2026-08-10-pent-1-2-3-5-eighth-run-hold,flawed,0.925454556941986,0.9118692278862,0.9239282608032227,0.966241866350174,0.13333333333333333,False
synthetic,m3_chroma_dtw,2026-09-03-tonic-turn-with-leading-tone,butchered,0.9575554728507996,0.9118692278862,0.9239282608032227,0.966241866350174,0.3333333333333333,True
synthetic,m3_chroma_dtw,2026-09-09-blue-note-drop,butchered,0.9331580996513368,0.9118692278862,0.9239282608032227,0.966241866350174,0.13333333333333333,True
synthetic,m3_chroma_dtw,2026-09-16-sharp-9-flat-9-dom,flawed,0.8612127304077148,0.9118692278862,0.9239282608032227,0.966241866350174,0.0,True
synthetic,m3_chroma_dtw,2026-10-03-four-to-five,flawed,0.9587624669075012,0.9118692278862,0.9239282608032227,0.966241866350174,0.4,False
synthetic,m3_chroma_dtw,2026-10-03-honeysuckle-rose-b,butchered,0.926846444606781,0.9118692278862,0.9239282608032227,0.966241866350174,0.13333333333333333,True
synthetic,m3_chroma_dtw,2026-10-03-honeysuckle-rose,butchered,0.9493014216423036,0.9118692278862,0.9239282608032227,0.966241866350174,0.3,True
synthetic,m3_chroma_dtw,2026-05-12-pent-upper-neighbor-dotted-quart,butchered,0.9193483591079712,0.9118692278862,0.9239282608032227,0.966241866350174,0.06666666666666667,False
synthetic,m3_chroma_dtw,2026-07-28-pent-1-3-2-5-dotted-quarter-eigh,butchered,0.9156644940376282,0.9118692278862,0.9239282608032227,0.966241866350174,0.03333333333333333,False
synthetic,m3_chroma_dtw,2026-10-06-fats-navarro-wail-a,inflated,0.7364013195037842,0.9118692278862,0.9239282608032227,0.966241866350174,0.0,True
synthetic,m3_chroma_dtw,2026-10-06-fats-navarro-wail-b,inflated,0.8687328696250916,0.9118692278862,0.9239282608032227,0.966241866350174,0.0,True
synthetic,m4_cqt,2026-05-07-locrian-descent,flawed,0.6592434048652649,0.5657556056976318,0.7275360703468323,0.8430896699428558,0.03333333333333333,True
synthetic,m4_cqt,2026-07-08-four-to-five,flawed,0.3708842396736145,0.5657556056976318,0.7275360703468323,0.8430896699428558,0.0,True
synthetic,m4_cqt,2026-07-25-root-frame,butchered,0.7504861354827881,0.5657556056976318,0.7275360703468323,0.8430896699428558,0.16666666666666666,True
synthetic,m4_cqt,2026-08-10-pent-1-2-3-5-eighth-run-hold,flawed,0.8943233489990234,0.5657556056976318,0.7275360703468323,0.8430896699428558,0.7666666666666667,False
synthetic,m4_cqt,2026-09-03-tonic-turn-with-leading-tone,butchered,0.778527021408081,0.5657556056976318,0.7275360703468323,0.8430896699428558,0.26666666666666666,True
synthetic,m4_cqt,2026-09-09-blue-note-drop,butchered,0.8686275482177734,0.5657556056976318,0.7275360703468323,0.8430896699428558,0.6333333333333333,True
synthetic,m4_cqt,2026-09-16-sharp-9-flat-9-dom,flawed,0.7608127593994141,0.5657556056976318,0.7275360703468323,0.8430896699428558,0.16666666666666666,False
synthetic,m4_cqt,2026-10-03-four-to-five,flawed,0.7429097294807434,0.5657556056976318,0.7275360703468323,0.8430896699428558,0.13333333333333333,False
synthetic,m4_cqt,2026-10-03-honeysuckle-rose-b,butchered,0.756453812122345,0.5657556056976318,0.7275360703468323,0.8430896699428558,0.16666666666666666,True
synthetic,m4_cqt,2026-10-03-honeysuckle-rose,butchered,0.8528484106063843,0.5657556056976318,0.7275360703468323,0.8430896699428558,0.6,True
synthetic,m4_cqt,2026-05-12-pent-upper-neighbor-dotted-quart,butchered,0.8513903021812439,0.5657556056976318,0.7275360703468323,0.8430896699428558,0.6,True
synthetic,m4_cqt,2026-07-28-pent-1-3-2-5-dotted-quarter-eigh,butchered,0.816977858543396,0.5657556056976318,0.7275360703468323,0.8430896699428558,0.3333333333333333,True
synthetic,m4_cqt,2026-10-06-fats-navarro-wail-a,inflated,0.4342410564422607,0.5657556056976318,0.7275360703468323,0.8430896699428558,0.0,True
synthetic,m4_cqt,2026-10-06-fats-navarro-wail-b,inflated,0.6141878962516785,0.5657556056976318,0.7275360703468323,0.8430896699428558,0.03333333333333333,True
synthetic,m4_cqt_dtw,2026-05-07-locrian-descent,flawed,0.8730467557907104,0.6186075210571289,0.7980872631072998,0.9139757454395294,0.3333333333333333,False
synthetic,m4_cqt_dtw,2026-07-08-four-to-five,flawed,0.5719282627105713,0.6186075210571289,0.7980872631072998,0.9139757454395294,0.0,True
synthetic,m4_cqt_dtw,2026-07-25-root-frame,butchered,0.8602114915847778,0.6186075210571289,0.7980872631072998,0.9139757454395294,0.3,True
synthetic,m4_cqt_dtw,2026-08-10-pent-1-2-3-5-eighth-run-hold,flawed,0.9186018109321594,0.6186075210571289,0.7980872631072998,0.9139757454395294,0.5333333333333333,False
synthetic,m4_cqt_dtw,2026-09-03-tonic-turn-with-leading-tone,butchered,0.8710200190544128,0.6186075210571289,0.7980872631072998,0.9139757454395294,0.3,True
synthetic,m4_cqt_dtw,2026-09-09-blue-note-drop,butchered,0.880871057510376,0.6186075210571289,0.7980872631072998,0.9139757454395294,0.3333333333333333,True
synthetic,m4_cqt_dtw,2026-09-16-sharp-9-flat-9-dom,flawed,0.8167498707771301,0.6186075210571289,0.7980872631072998,0.9139757454395294,0.23333333333333334,False
synthetic,m4_cqt_dtw,2026-10-03-four-to-five,flawed,0.8729363083839417,0.6186075210571289,0.7980872631072998,0.9139757454395294,0.3333333333333333,False
synthetic,m4_cqt_dtw,2026-10-03-honeysuckle-rose-b,butchered,0.8299944996833801,0.6186075210571289,0.7980872631072998,0.9139757454395294,0.26666666666666666,True
synthetic,m4_cqt_dtw,2026-10-03-honeysuckle-rose,butchered,0.9438938498497008,0.6186075210571289,0.7980872631072998,0.9139757454395294,0.6666666666666666,True
synthetic,m4_cqt_dtw,2026-05-12-pent-upper-neighbor-dotted-quart,butchered,0.9245563745498656,0.6186075210571289,0.7980872631072998,0.9139757454395294,0.5333333333333333,True
synthetic,m4_cqt_dtw,2026-07-28-pent-1-3-2-5-dotted-quarter-eigh,butchered,0.8725482225418091,0.6186075210571289,0.7980872631072998,0.9139757454395294,0.3,True
synthetic,m4_cqt_dtw,2026-10-06-fats-navarro-wail-a,inflated,0.5544646978378296,0.6186075210571289,0.7980872631072998,0.9139757454395294,0.0,True
synthetic,m4_cqt_dtw,2026-10-06-fats-navarro-wail-b,inflated,0.6888568997383118,0.6186075210571289,0.7980872631072998,0.9139757454395294,0.03333333333333333,True
synthetic,m5_cover,2026-05-07-locrian-descent,flawed,0.5808568824065633,0.1680949241924851,0.8538398663371876,0.9156138818612115,0.03333333333333333,True
synthetic,m5_cover,2026-07-08-four-to-five,flawed,0.320704845814978,0.1680949241924851,0.8538398663371876,0.9156138818612115,0.03333333333333333,True
synthetic,m5_cover,2026-07-25-root-frame,butchered,0.7888198757763975,0.1680949241924851,0.8538398663371876,0.9156138818612115,0.03333333333333333,False
synthetic,m5_cover,2026-08-10-pent-1-2-3-5-eighth-run-hold,flawed,0.8484848484848485,0.1680949241924851,0.8538398663371876,0.9156138818612115,0.1,False
synthetic,m5_cover,2026-09-03-tonic-turn-with-leading-tone,butchered,0.8662562954672636,0.1680949241924851,0.8538398663371876,0.9156138818612115,0.26666666666666666,True
synthetic,m5_cover,2026-09-09-blue-note-drop,butchered,0.9383886255924172,0.1680949241924851,0.8538398663371876,0.9156138818612115,0.7333333333333333,True
synthetic,m5_cover,2026-09-16-sharp-9-flat-9-dom,flawed,0.7198086887206058,0.1680949241924851,0.8538398663371876,0.9156138818612115,0.03333333333333333,True
synthetic,m5_cover,2026-10-03-four-to-five,flawed,0.8870144284128746,0.1680949241924851,0.8538398663371876,0.9156138818612115,0.3333333333333333,False
synthetic,m5_cover,2026-10-03-honeysuckle-rose-b,butchered,0.7130434782608696,0.1680949241924851,0.8538398663371876,0.9156138818612115,0.03333333333333333,False
synthetic,m5_cover,2026-10-03-honeysuckle-rose,butchered,0.7753807106598986,0.1680949241924851,0.8538398663371876,0.9156138818612115,0.03333333333333333,False
synthetic,m5_cover,2026-05-12-pent-upper-neighbor-dotted-quart,butchered,0.859628770301624,0.1680949241924851,0.8538398663371876,0.9156138818612115,0.2,True
synthetic,m5_cover,2026-07-28-pent-1-3-2-5-dotted-quarter-eigh,butchered,0.8585858585858586,0.1680949241924851,0.8538398663371876,0.9156138818612115,0.16666666666666666,True
synthetic,m5_cover,2026-10-06-fats-navarro-wail-a,inflated,0.5121872916306521,0.1680949241924851,0.8538398663371876,0.9156138818612115,0.03333333333333333,True
synthetic,m5_cover,2026-10-06-fats-navarro-wail-b,inflated,0.694515152327108,0.1680949241924851,0.8538398663371876,0.9156138818612115,0.03333333333333333,True
synthetic,m5_cover_strict,2026-05-07-locrian-descent,flawed,0.5808568824065633,0.1680949241924851,0.8538398663371876,0.9156138818612115,0.03333333333333333,True
synthetic,m5_cover_strict,2026-07-08-four-to-five,flawed,0.320704845814978,0.1680949241924851,0.8538398663371876,0.9156138818612115,0.03333333333333333,True
synthetic,m5_cover_strict,2026-07-25-root-frame,butchered,0.7888198757763975,0.1680949241924851,0.8538398663371876,0.9156138818612115,0.03333333333333333,False
synthetic,m5_cover_strict,2026-08-10-pent-1-2-3-5-eighth-run-hold,flawed,0.8484848484848485,0.1680949241924851,0.8538398663371876,0.9156138818612115,0.1,False
synthetic,m5_cover_strict,2026-09-03-tonic-turn-with-leading-tone,butchered,0.8662562954672636,0.1680949241924851,0.8538398663371876,0.9156138818612115,0.26666666666666666,True
synthetic,m5_cover_strict,2026-09-09-blue-note-drop,butchered,0.9383886255924172,0.1680949241924851,0.8538398663371876,0.9156138818612115,0.7333333333333333,True
synthetic,m5_cover_strict,2026-09-16-sharp-9-flat-9-dom,flawed,0.6774295998306161,0.1680949241924851,0.8538398663371876,0.9156138818612115,0.03333333333333333,True
synthetic,m5_cover_strict,2026-10-03-four-to-five,flawed,0.8870144284128746,0.1680949241924851,0.8538398663371876,0.9156138818612115,0.3333333333333333,False
synthetic,m5_cover_strict,2026-10-03-honeysuckle-rose-b,butchered,0.5567346938775509,0.1680949241924851,0.8538398663371876,0.9156138818612115,0.03333333333333333,False
synthetic,m5_cover_strict,2026-10-03-honeysuckle-rose,butchered,0.7753807106598986,0.1680949241924851,0.8538398663371876,0.9156138818612115,0.03333333333333333,False
synthetic,m5_cover_strict,2026-05-12-pent-upper-neighbor-dotted-quart,butchered,0.859628770301624,0.1680949241924851,0.8538398663371876,0.9156138818612115,0.2,True
synthetic,m5_cover_strict,2026-07-28-pent-1-3-2-5-dotted-quarter-eigh,butchered,0.8585858585858586,0.1680949241924851,0.8538398663371876,0.9156138818612115,0.16666666666666666,True
synthetic,m5_cover_strict,2026-10-06-fats-navarro-wail-a,inflated,0.4587702289164376,0.1680949241924851,0.8538398663371876,0.9156138818612115,0.03333333333333333,True
synthetic,m5_cover_strict,2026-10-06-fats-navarro-wail-b,inflated,0.5393743257820929,0.1680949241924851,0.8538398663371876,0.9156138818612115,0.03333333333333333,True
