take,perturbation,metric,clean,perturbed,drop
2026-06-25-blues-curl-down,pitch+1st,m1_raw,0.25165577709015885,0.20528513197320045,0.0463706451169584
2026-06-25-blues-curl-down,pitch+1st,m2_env,0.6259076067088862,0.6223594333753749,0.0035481733335113175
2026-06-25-blues-curl-down,pitch+1st,m2_env_at,0.13322602431090513,0.09588423711995503,0.037341787190950104
2026-06-25-blues-curl-down,pitch+1st,m3_chroma,0.9818659424781799,0.8047685623168945,0.1770973801612854
2026-06-25-blues-curl-down,pitch+1st,m3_chroma_dtw,0.987564206123352,0.8276529312133789,0.15991127490997314
2026-06-25-blues-curl-down,pitch+1st,m4_cqt,0.9770799875259399,0.8474308848381042,0.1296491026878357
2026-06-25-blues-curl-down,pitch+1st,m4_cqt_dtw,0.9800279140472412,0.8557887077331543,0.12423920631408691
2026-06-25-blues-curl-down,pitch+1st,m5_cover,0.9738219895287958,0.7015706806282722,0.2722513089005236
2026-06-25-blues-curl-down,pitch+1st,m5_cover_strict,0.9738219895287958,0.7015706806282722,0.2722513089005236
2026-06-25-blues-curl-down,note_dropped,m1_raw,0.25165577709015885,0.2615872393124031,-0.009931462222244225
2026-06-25-blues-curl-down,note_dropped,m2_env,0.6259076067088862,0.6159460019932351,0.009961604715651107
2026-06-25-blues-curl-down,note_dropped,m2_env_at,0.13322602431090513,0.0,0.13322602431090513
2026-06-25-blues-curl-down,note_dropped,m3_chroma,0.9818659424781799,0.7991256713867188,0.18274027109146118
2026-06-25-blues-curl-down,note_dropped,m3_chroma_dtw,0.987564206123352,0.8067046999931335,0.1808595061302185
2026-06-25-blues-curl-down,note_dropped,m4_cqt,0.9770799875259399,0.7828842997550964,0.1941956877708435
2026-06-25-blues-curl-down,note_dropped,m4_cqt_dtw,0.9800279140472412,0.7979512214660645,0.18207669258117676
2026-06-25-blues-curl-down,note_dropped,m5_cover,0.9738219895287958,0.8233890214797135,0.15043296804908235
2026-06-25-blues-curl-down,note_dropped,m5_cover_strict,0.9738219895287958,0.8233890214797135,0.15043296804908235
2026-06-25-blues-curl-down,note_late150ms,m1_raw,0.25165577709015885,0.3104063699478931,-0.05875059285773426
2026-06-25-blues-curl-down,note_late150ms,m2_env,0.6259076067088862,0.587233771846691,0.03867383486219522
2026-06-25-blues-curl-down,note_late150ms,m2_env_at,0.13322602431090513,0.23582864249215368,-0.10260261818124855
2026-06-25-blues-curl-down,note_late150ms,m3_chroma,0.9818659424781799,0.9284478425979614,0.053418099880218506
2026-06-25-blues-curl-down,note_late150ms,m3_chroma_dtw,0.987564206123352,0.9924646615982056,-0.004900455474853516
2026-06-25-blues-curl-down,note_late150ms,m4_cqt,0.9770799875259399,0.9141541719436646,0.06292581558227539
2026-06-25-blues-curl-down,note_late150ms,m4_cqt_dtw,0.9800279140472412,0.9898300170898438,-0.009802103042602539
2026-06-25-blues-curl-down,note_late150ms,m5_cover,0.9738219895287958,0.9480742587974507,0.025747730731345175
2026-06-25-blues-curl-down,note_late150ms,m5_cover_strict,0.9738219895287958,0.9480742587974507,0.025747730731345175
2026-06-25-blues-curl-down,extra_after,m1_raw,0.25165577709015885,0.22923060886527122,0.02242516822488763
2026-06-25-blues-curl-down,extra_after,m2_env,0.6259076067088862,0.6147763001667165,0.011131306542169761
2026-06-25-blues-curl-down,extra_after,m2_env_at,0.13322602431090513,0.019097014780547282,0.11412900953035784
2026-06-25-blues-curl-down,extra_after,m3_chroma,0.9818659424781799,0.805953860282898,0.17591208219528198
2026-06-25-blues-curl-down,extra_after,m3_chroma_dtw,0.987564206123352,0.9475956559181213,0.03996855020523071
2026-06-25-blues-curl-down,extra_after,m4_cqt,0.9770799875259399,0.8024973273277283,0.17458266019821167
2026-06-25-blues-curl-down,extra_after,m4_cqt_dtw,0.9800279140472412,0.9251994490623474,0.0548284649848938
2026-06-25-blues-curl-down,extra_after,m5_cover,0.9738219895287958,0.8732394366197184,0.10058255290907747
2026-06-25-blues-curl-down,extra_after,m5_cover_strict,0.9738219895287958,0.8732394366197184,0.10058255290907747
2026-06-25-blues-curl-down,extra_inside,m1_raw,0.25165577709015885,0.254555927245302,-0.0029001501551431663
2026-06-25-blues-curl-down,extra_inside,m2_env,0.6259076067088862,0.6020526810607982,0.023854925648088
2026-06-25-blues-curl-down,extra_inside,m2_env_at,0.13322602431090513,0.0,0.13322602431090513
2026-06-25-blues-curl-down,extra_inside,m3_chroma,0.9818659424781799,0.8104181885719299,0.17144775390625
2026-06-25-blues-curl-down,extra_inside,m3_chroma_dtw,0.987564206123352,0.8214151263237,0.1661490797996521
2026-06-25-blues-curl-down,extra_inside,m4_cqt,0.9770799875259399,0.7955700755119324,0.18150991201400757
2026-06-25-blues-curl-down,extra_inside,m4_cqt_dtw,0.9800279140472412,0.8058487176895142,0.17417919635772705
2026-06-25-blues-curl-down,extra_inside,m5_cover,0.9738219895287958,0.7727891156462585,0.20103287388253732
2026-06-25-blues-curl-down,extra_inside,m5_cover_strict,0.9738219895287958,0.7727891156462585,0.20103287388253732
2026-06-25-blues-curl-down,stretch+5%,m1_raw,0.25165577709015885,0.26038058005612347,-0.008724802965964618
2026-06-25-blues-curl-down,stretch+5%,m2_env,0.6259076067088862,0.5592110768952635,0.06669652981362273
2026-06-25-blues-curl-down,stretch+5%,m2_env_at,0.13322602431090513,0.03781604921887569,0.09540997509202945
2026-06-25-blues-curl-down,stretch+5%,m3_chroma,0.9818659424781799,0.9814862608909607,0.0003796815872192383
2026-06-25-blues-curl-down,stretch+5%,m3_chroma_dtw,0.987564206123352,0.9840884804725647,0.0034757256507873535
2026-06-25-blues-curl-down,stretch+5%,m4_cqt,0.9770799875259399,0.9787825345993042,-0.0017025470733642578
2026-06-25-blues-curl-down,stretch+5%,m4_cqt_dtw,0.9800279140472412,0.9805175065994263,-0.0004895925521850586
2026-06-25-blues-curl-down,stretch+5%,m5_cover,0.9738219895287958,0.9746192893401014,-0.0007972998113056073
2026-06-25-blues-curl-down,stretch+5%,m5_cover_strict,0.9738219895287958,0.9746192893401014,-0.0007972998113056073
2026-06-25-blues-curl-down,stretch-5%,m1_raw,0.25165577709015885,0.2770320953451652,-0.025376318255006358
2026-06-25-blues-curl-down,stretch-5%,m2_env,0.6259076067088862,0.3263845508393121,0.2995230558695741
2026-06-25-blues-curl-down,stretch-5%,m2_env_at,0.13322602431090513,0.08502333643092247,0.048202687879982664
2026-06-25-blues-curl-down,stretch-5%,m3_chroma,0.9818659424781799,0.9455351233482361,0.03633081912994385
2026-06-25-blues-curl-down,stretch-5%,m3_chroma_dtw,0.987564206123352,0.9809597730636597,0.006604433059692383
2026-06-25-blues-curl-down,stretch-5%,m4_cqt,0.9770799875259399,0.9427998661994934,0.03428012132644653
2026-06-25-blues-curl-down,stretch-5%,m4_cqt_dtw,0.9800279140472412,0.9818136692047119,-0.0017857551574707031
2026-06-25-blues-curl-down,stretch-5%,m5_cover,0.9738219895287958,0.9534883720930233,0.020333617435772555
2026-06-25-blues-curl-down,stretch-5%,m5_cover_strict,0.9738219895287958,0.9534883720930233,0.020333617435772555
2026-07-14-third-fifth-rise,pitch+1st,m1_raw,0.329944932162302,0.10526087717197563,0.22468405499032634
2026-07-14-third-fifth-rise,pitch+1st,m2_env,0.6870991943359862,0.7100754449954403,-0.02297625065945408
2026-07-14-third-fifth-rise,pitch+1st,m2_env_at,0.11748220009980409,0.15442312089749466,-0.03694092079769057
2026-07-14-third-fifth-rise,pitch+1st,m3_chroma,0.9759014844894409,0.6402737498283386,0.3356277346611023
2026-07-14-third-fifth-rise,pitch+1st,m3_chroma_dtw,0.9824568629264832,0.6426286697387695,0.3398281931877136
2026-07-14-third-fifth-rise,pitch+1st,m4_cqt,0.8709754347801208,0.6609702110290527,0.21000522375106812
2026-07-14-third-fifth-rise,pitch+1st,m4_cqt_dtw,0.9002252817153931,0.6793047785758972,0.22092050313949585
2026-07-14-third-fifth-rise,pitch+1st,m5_cover,0.9729112859631208,0.47493403693931396,0.49797724902380686
2026-07-14-third-fifth-rise,pitch+1st,m5_cover_strict,0.9729112859631208,0.47493403693931396,0.49797724902380686
2026-07-14-third-fifth-rise,note_dropped,m1_raw,0.329944932162302,0.11723747439000372,0.21270745777229827
2026-07-14-third-fifth-rise,note_dropped,m2_env,0.6870991943359862,0.7367155066943321,-0.04961631235834585
2026-07-14-third-fifth-rise,note_dropped,m2_env_at,0.11748220009980409,0.0,0.11748220009980409
2026-07-14-third-fifth-rise,note_dropped,m3_chroma,0.9759014844894409,0.5807971358299255,0.3951043486595154
2026-07-14-third-fifth-rise,note_dropped,m3_chroma_dtw,0.9824568629264832,0.6651951670646667,0.3172616958618164
2026-07-14-third-fifth-rise,note_dropped,m4_cqt,0.8709754347801208,0.5009771585464478,0.3699982762336731
2026-07-14-third-fifth-rise,note_dropped,m4_cqt_dtw,0.9002252817153931,0.5642462372779846,0.33597904443740845
2026-07-14-third-fifth-rise,note_dropped,m5_cover,0.9729112859631208,0.6325596600196143,0.34035162594350654
2026-07-14-third-fifth-rise,note_dropped,m5_cover_strict,0.9729112859631208,0.6325596600196143,0.34035162594350654
2026-07-14-third-fifth-rise,note_late150ms,m1_raw,0.329944932162302,0.3256866761216131,0.004258256040688857
2026-07-14-third-fifth-rise,note_late150ms,m2_env,0.6870991943359862,0.5937056064601443,0.09339358787584195
2026-07-14-third-fifth-rise,note_late150ms,m2_env_at,0.11748220009980409,0.5735642370196266,-0.45608203691982246
2026-07-14-third-fifth-rise,note_late150ms,m3_chroma,0.9759014844894409,0.9522083401679993,0.02369314432144165
2026-07-14-third-fifth-rise,note_late150ms,m3_chroma_dtw,0.9824568629264832,0.958917498588562,0.023539364337921143
2026-07-14-third-fifth-rise,note_late150ms,m4_cqt,0.8709754347801208,0.8349753618240356,0.036000072956085205
2026-07-14-third-fifth-rise,note_late150ms,m4_cqt_dtw,0.9002252817153931,0.8721637725830078,0.028061509132385254
2026-07-14-third-fifth-rise,note_late150ms,m5_cover,0.9729112859631208,0.9519835439318247,0.020927742031296104
2026-07-14-third-fifth-rise,note_late150ms,m5_cover_strict,0.9729112859631208,0.9519835439318247,0.020927742031296104
2026-07-14-third-fifth-rise,extra_after,m1_raw,0.329944932162302,0.32180998462563365,0.008134947536668324
2026-07-14-third-fifth-rise,extra_after,m2_env,0.6870991943359862,0.651711253657334,0.03538794067865225
2026-07-14-third-fifth-rise,extra_after,m2_env_at,0.11748220009980409,0.0,0.11748220009980409
2026-07-14-third-fifth-rise,extra_after,m3_chroma,0.9759014844894409,0.7944692373275757,0.18143224716186523
2026-07-14-third-fifth-rise,extra_after,m3_chroma_dtw,0.9824568629264832,0.9101316332817078,0.07232522964477539
2026-07-14-third-fifth-rise,extra_after,m4_cqt,0.8709754347801208,0.6988953948020935,0.17208003997802734
2026-07-14-third-fifth-rise,extra_after,m4_cqt_dtw,0.9002252817153931,0.8418274521827698,0.05839782953262329
2026-07-14-third-fifth-rise,extra_after,m5_cover,0.9729112859631208,0.8268035666036205,0.1461077193595003
2026-07-14-third-fifth-rise,extra_after,m5_cover_strict,0.9729112859631208,0.8268035666036205,0.1461077193595003
2026-07-14-third-fifth-rise,extra_inside,m1_raw,0.329944932162302,0.21150403690192118,0.11844089526038079
2026-07-14-third-fifth-rise,extra_inside,m2_env,0.6870991943359862,0.47909025157417995,0.20800894276180626
2026-07-14-third-fifth-rise,extra_inside,m2_env_at,0.11748220009980409,0.01211550808485235,0.10536669201495175
2026-07-14-third-fifth-rise,extra_inside,m3_chroma,0.9759014844894409,0.7865661382675171,0.18933534622192383
2026-07-14-third-fifth-rise,extra_inside,m3_chroma_dtw,0.9824568629264832,0.7890456914901733,0.19341117143630981
2026-07-14-third-fifth-rise,extra_inside,m4_cqt,0.8709754347801208,0.6716592311859131,0.19931620359420776
2026-07-14-third-fifth-rise,extra_inside,m4_cqt_dtw,0.9002252817153931,0.6931540966033936,0.2070711851119995
2026-07-14-third-fifth-rise,extra_inside,m5_cover,0.9729112859631208,0.6976595062520039,0.2752517797111169
2026-07-14-third-fifth-rise,extra_inside,m5_cover_strict,0.9729112859631208,0.6976595062520039,0.2752517797111169
2026-07-14-third-fifth-rise,stretch+5%,m1_raw,0.329944932162302,0.2507113879721054,0.07923354419019657
2026-07-14-third-fifth-rise,stretch+5%,m2_env,0.6870991943359862,0.6443333470241097,0.04276584731187649
2026-07-14-third-fifth-rise,stretch+5%,m2_env_at,0.11748220009980409,0.17929672053942422,-0.06181452043962013
2026-07-14-third-fifth-rise,stretch+5%,m3_chroma,0.9759014844894409,0.9628597497940063,0.01304173469543457
2026-07-14-third-fifth-rise,stretch+5%,m3_chroma_dtw,0.9824568629264832,0.9776971936225891,0.004759669303894043
2026-07-14-third-fifth-rise,stretch+5%,m4_cqt,0.8709754347801208,0.8626613020896912,0.008314132690429688
2026-07-14-third-fifth-rise,stretch+5%,m4_cqt_dtw,0.9002252817153931,0.9065027236938477,-0.00627744197845459
2026-07-14-third-fifth-rise,stretch+5%,m5_cover,0.9729112859631208,0.9723756906077349,0.0005355953553859427
2026-07-14-third-fifth-rise,stretch+5%,m5_cover_strict,0.9729112859631208,0.9723756906077349,0.0005355953553859427
2026-07-14-third-fifth-rise,stretch-5%,m1_raw,0.329944932162302,0.22915027749097663,0.10079465467132534
2026-07-14-third-fifth-rise,stretch-5%,m2_env,0.6870991943359862,0.520381780037511,0.1667174142984752
2026-07-14-third-fifth-rise,stretch-5%,m2_env_at,0.11748220009980409,0.0,0.11748220009980409
2026-07-14-third-fifth-rise,stretch-5%,m3_chroma,0.9759014844894409,0.9033528566360474,0.07254862785339355
2026-07-14-third-fifth-rise,stretch-5%,m3_chroma_dtw,0.9824568629264832,0.9757151007652283,0.006741762161254883
2026-07-14-third-fifth-rise,stretch-5%,m4_cqt,0.8709754347801208,0.8118496537208557,0.05912578105926514
2026-07-14-third-fifth-rise,stretch-5%,m4_cqt_dtw,0.9002252817153931,0.9089876413345337,-0.008762359619140625
2026-07-14-third-fifth-rise,stretch-5%,m5_cover,0.9729112859631208,0.9071422727644606,0.06576901319866024
2026-07-14-third-fifth-rise,stretch-5%,m5_cover_strict,0.9729112859631208,0.9071422727644606,0.06576901319866024
2026-05-20-blues-curl-down,pitch+1st,m1_raw,0.12266330995068092,0.0870064451844241,0.03565686476625682
2026-05-20-blues-curl-down,pitch+1st,m2_env,0.596117297731547,0.586594797465306,0.009522500266241019
2026-05-20-blues-curl-down,pitch+1st,m2_env_at,0.0,0.0,0.0
2026-05-20-blues-curl-down,pitch+1st,m3_chroma,0.9747735261917114,0.8438529968261719,0.13092052936553955
2026-05-20-blues-curl-down,pitch+1st,m3_chroma_dtw,0.9827883839607239,0.8743623495101929,0.108426034450531
2026-05-20-blues-curl-down,pitch+1st,m4_cqt,0.8449524641036987,0.7868410348892212,0.05811142921447754
2026-05-20-blues-curl-down,pitch+1st,m4_cqt_dtw,0.8809439539909363,0.8000840544700623,0.08085989952087402
2026-05-20-blues-curl-down,pitch+1st,m5_cover,0.9646648546079286,0.7432762836185819,0.22138857098934672
2026-05-20-blues-curl-down,pitch+1st,m5_cover_strict,0.9646648546079286,0.7432762836185819,0.22138857098934672
2026-05-20-blues-curl-down,note_dropped,m1_raw,0.12266330995068092,0.1001814896465874,0.022481820304093528
2026-05-20-blues-curl-down,note_dropped,m2_env,0.596117297731547,0.5742079278574245,0.02190936987412251
2026-05-20-blues-curl-down,note_dropped,m2_env_at,0.0,0.0593490017992683,-0.0593490017992683
2026-05-20-blues-curl-down,note_dropped,m3_chroma,0.9747735261917114,0.809701681137085,0.16507184505462646
2026-05-20-blues-curl-down,note_dropped,m3_chroma_dtw,0.9827883839607239,0.8164374828338623,0.16635090112686157
2026-05-20-blues-curl-down,note_dropped,m4_cqt,0.8449524641036987,0.7289926409721375,0.11595982313156128
2026-05-20-blues-curl-down,note_dropped,m4_cqt_dtw,0.8809439539909363,0.7410142421722412,0.13992971181869507
2026-05-20-blues-curl-down,note_dropped,m5_cover,0.9646648546079286,0.8336380255941499,0.1310268290137787
2026-05-20-blues-curl-down,note_dropped,m5_cover_strict,0.9646648546079286,0.8336380255941499,0.1310268290137787
2026-05-20-blues-curl-down,note_late150ms,m1_raw,0.12266330995068092,0.10954410273177723,0.013119207218903695
2026-05-20-blues-curl-down,note_late150ms,m2_env,0.596117297731547,0.5528158999028091,0.043301397828737875
2026-05-20-blues-curl-down,note_late150ms,m2_env_at,0.0,0.001582741862093085,-0.001582741862093085
2026-05-20-blues-curl-down,note_late150ms,m3_chroma,0.9747735261917114,0.9351462721824646,0.039627254009246826
2026-05-20-blues-curl-down,note_late150ms,m3_chroma_dtw,0.9827883839607239,0.9809530377388,0.0018353462219238281
2026-05-20-blues-curl-down,note_late150ms,m4_cqt,0.8449524641036987,0.8024962544441223,0.042456209659576416
2026-05-20-blues-curl-down,note_late150ms,m4_cqt_dtw,0.8809439539909363,0.8813971877098083,-0.0004532337188720703
2026-05-20-blues-curl-down,note_late150ms,m5_cover,0.9646648546079286,0.9583333333333334,0.006331521274595242
2026-05-20-blues-curl-down,note_late150ms,m5_cover_strict,0.9646648546079286,0.9583333333333334,0.006331521274595242
2026-05-20-blues-curl-down,extra_after,m1_raw,0.12266330995068092,0.11978231894891334,0.0028809910017675855
2026-05-20-blues-curl-down,extra_after,m2_env,0.596117297731547,0.5377479816389139,0.05836931609263307
2026-05-20-blues-curl-down,extra_after,m2_env_at,0.0,0.0,0.0
2026-05-20-blues-curl-down,extra_after,m3_chroma,0.9747735261917114,0.8028577566146851,0.17191576957702637
2026-05-20-blues-curl-down,extra_after,m3_chroma_dtw,0.9827883839607239,0.9436853528022766,0.039103031158447266
2026-05-20-blues-curl-down,extra_after,m4_cqt,0.8449524641036987,0.6730670928955078,0.17188537120819092
2026-05-20-blues-curl-down,extra_after,m4_cqt_dtw,0.8809439539909363,0.8418711423873901,0.03907281160354614
2026-05-20-blues-curl-down,extra_after,m5_cover,0.9646648546079286,0.867740000922637,0.09692485368529158
2026-05-20-blues-curl-down,extra_after,m5_cover_strict,0.9646648546079286,0.867740000922637,0.09692485368529158
2026-05-20-blues-curl-down,extra_inside,m1_raw,0.12266330995068092,0.10182004310257005,0.020843266848110872
2026-05-20-blues-curl-down,extra_inside,m2_env,0.596117297731547,0.5596310242040112,0.03648627352753575
2026-05-20-blues-curl-down,extra_inside,m2_env_at,0.0,0.0,0.0
2026-05-20-blues-curl-down,extra_inside,m3_chroma,0.9747735261917114,0.8160027861595154,0.15877074003219604
2026-05-20-blues-curl-down,extra_inside,m3_chroma_dtw,0.9827883839607239,0.8224407434463501,0.16034764051437378
2026-05-20-blues-curl-down,extra_inside,m4_cqt,0.8449524641036987,0.7084227800369263,0.13652968406677246
2026-05-20-blues-curl-down,extra_inside,m4_cqt_dtw,0.8809439539909363,0.7540759444236755,0.12686800956726074
2026-05-20-blues-curl-down,extra_inside,m5_cover,0.9646648546079286,0.7925780456423106,0.172086808965618
2026-05-20-blues-curl-down,extra_inside,m5_cover_strict,0.9646648546079286,0.7925780456423106,0.172086808965618
2026-05-20-blues-curl-down,stretch+5%,m1_raw,0.12266330995068092,0.12052607031558094,0.0021372396350999856
2026-05-20-blues-curl-down,stretch+5%,m2_env,0.596117297731547,0.5435439120037574,0.05257338572778958
2026-05-20-blues-curl-down,stretch+5%,m2_env_at,0.0,0.07665508215458389,-0.07665508215458389
2026-05-20-blues-curl-down,stretch+5%,m3_chroma,0.9747735261917114,0.9625805020332336,0.012193024158477783
2026-05-20-blues-curl-down,stretch+5%,m3_chroma_dtw,0.9827883839607239,0.9758937954902649,0.006894588470458984
2026-05-20-blues-curl-down,stretch+5%,m4_cqt,0.8449524641036987,0.8370873332023621,0.00786513090133667
2026-05-20-blues-curl-down,stretch+5%,m4_cqt_dtw,0.8809439539909363,0.8741689920425415,0.006774961948394775
2026-05-20-blues-curl-down,stretch+5%,m5_cover,0.9646648546079286,0.9270403542316595,0.03762450037626908
2026-05-20-blues-curl-down,stretch+5%,m5_cover_strict,0.9646648546079286,0.9270403542316595,0.03762450037626908
2026-05-20-blues-curl-down,stretch-5%,m1_raw,0.12266330995068092,0.13718477107988727,-0.014521461129206353
2026-05-20-blues-curl-down,stretch-5%,m2_env,0.596117297731547,0.43087685255194236,0.16524044517960462
2026-05-20-blues-curl-down,stretch-5%,m2_env_at,0.0,0.2507663138283607,-0.2507663138283607
2026-05-20-blues-curl-down,stretch-5%,m3_chroma,0.9747735261917114,0.9711801409721375,0.0035933852195739746
2026-05-20-blues-curl-down,stretch-5%,m3_chroma_dtw,0.9827883839607239,0.9799048900604248,0.0028834939002990723
2026-05-20-blues-curl-down,stretch-5%,m4_cqt,0.8449524641036987,0.854297399520874,-0.009344935417175293
2026-05-20-blues-curl-down,stretch-5%,m4_cqt_dtw,0.8809439539909363,0.889519989490509,-0.008576035499572754
2026-05-20-blues-curl-down,stretch-5%,m5_cover,0.9646648546079286,0.9732620320855615,-0.008597177477632889
2026-05-20-blues-curl-down,stretch-5%,m5_cover_strict,0.9646648546079286,0.9732620320855615,-0.008597177477632889
2026-08-01-flat-five-chromatic-down,pitch+1st,m1_raw,0.0694018780400766,0.059406903037409836,0.009994975002666759
2026-08-01-flat-five-chromatic-down,pitch+1st,m2_env,0.539696001409122,0.5350451219565358,0.004650879452586243
2026-08-01-flat-five-chromatic-down,pitch+1st,m2_env_at,0.4516914608639273,0.4399679286875819,0.01172353217634542
2026-08-01-flat-five-chromatic-down,pitch+1st,m3_chroma,0.9643937945365906,0.8100764155387878,0.15431737899780273
2026-08-01-flat-five-chromatic-down,pitch+1st,m3_chroma_dtw,0.9720273017883301,0.8479111194610596,0.12411618232727051
2026-08-01-flat-five-chromatic-down,pitch+1st,m4_cqt,0.8380223512649536,0.7544463872909546,0.08357596397399902
2026-08-01-flat-five-chromatic-down,pitch+1st,m4_cqt_dtw,0.8553241491317749,0.7950717806816101,0.060252368450164795
2026-08-01-flat-five-chromatic-down,pitch+1st,m5_cover,0.9320936801223961,0.7431925878775019,0.18890109224489426
2026-08-01-flat-five-chromatic-down,pitch+1st,m5_cover_strict,0.9320936801223961,0.7431925878775019,0.18890109224489426
2026-08-01-flat-five-chromatic-down,note_dropped,m1_raw,0.0694018780400766,0.07172671951860395,-0.002324841478527351
2026-08-01-flat-five-chromatic-down,note_dropped,m2_env,0.539696001409122,0.5814231670627231,-0.04172716565360113
2026-08-01-flat-five-chromatic-down,note_dropped,m2_env_at,0.4516914608639273,0.27888434649453375,0.17280711436939356
2026-08-01-flat-five-chromatic-down,note_dropped,m3_chroma,0.9643937945365906,0.8051486611366272,0.15924513339996338
2026-08-01-flat-five-chromatic-down,note_dropped,m3_chroma_dtw,0.9720273017883301,0.8180181384086609,0.1540091633796692
2026-08-01-flat-five-chromatic-down,note_dropped,m4_cqt,0.8380223512649536,0.7006076574325562,0.13741469383239746
2026-08-01-flat-five-chromatic-down,note_dropped,m4_cqt_dtw,0.8553241491317749,0.733833909034729,0.1214902400970459
2026-08-01-flat-five-chromatic-down,note_dropped,m5_cover,0.9320936801223961,0.8470588235294119,0.08503485659298426
2026-08-01-flat-five-chromatic-down,note_dropped,m5_cover_strict,0.9320936801223961,0.8470588235294119,0.08503485659298426
2026-08-01-flat-five-chromatic-down,note_late150ms,m1_raw,0.0694018780400766,0.09334542836693262,-0.023943550326856022
2026-08-01-flat-five-chromatic-down,note_late150ms,m2_env,0.539696001409122,0.7090420643909296,-0.16934606298180765
2026-08-01-flat-five-chromatic-down,note_late150ms,m2_env_at,0.4516914608639273,0.2943716417494488,0.1573198191144785
2026-08-01-flat-five-chromatic-down,note_late150ms,m3_chroma,0.9643937945365906,0.9272000789642334,0.03719371557235718
2026-08-01-flat-five-chromatic-down,note_late150ms,m3_chroma_dtw,0.9720273017883301,0.9433194994926453,0.028707802295684814
2026-08-01-flat-five-chromatic-down,note_late150ms,m4_cqt,0.8380223512649536,0.8029592633247375,0.035063087940216064
2026-08-01-flat-five-chromatic-down,note_late150ms,m4_cqt_dtw,0.8553241491317749,0.8170667886734009,0.03825736045837402
2026-08-01-flat-five-chromatic-down,note_late150ms,m5_cover,0.9320936801223961,0.9240842547408733,0.008009425381522828
2026-08-01-flat-five-chromatic-down,note_late150ms,m5_cover_strict,0.9320936801223961,0.9240842547408733,0.008009425381522828
2026-08-01-flat-five-chromatic-down,extra_after,m1_raw,0.0694018780400766,0.06940187796504807,7.502852505947288e-11
2026-08-01-flat-five-chromatic-down,extra_after,m2_env,0.539696001409122,0.5059477235372667,0.0337482778718553
2026-08-01-flat-five-chromatic-down,extra_after,m2_env_at,0.4516914608639273,0.34472760689999504,0.10696385396393226
2026-08-01-flat-five-chromatic-down,extra_after,m3_chroma,0.9643937945365906,0.783551812171936,0.18084198236465454
2026-08-01-flat-five-chromatic-down,extra_after,m3_chroma_dtw,0.9720273017883301,0.9638911485671997,0.008136153221130371
2026-08-01-flat-five-chromatic-down,extra_after,m4_cqt,0.8380223512649536,0.6655139327049255,0.17250841856002808
2026-08-01-flat-five-chromatic-down,extra_after,m4_cqt_dtw,0.8553241491317749,0.8475300073623657,0.00779414176940918
2026-08-01-flat-five-chromatic-down,extra_after,m5_cover,0.9320936801223961,0.8301886792452831,0.10190500087711307
2026-08-01-flat-five-chromatic-down,extra_after,m5_cover_strict,0.9320936801223961,0.8301886792452831,0.10190500087711307
2026-08-01-flat-five-chromatic-down,extra_inside,m1_raw,0.0694018780400766,0.0818091688700644,-0.012407290829987802
2026-08-01-flat-five-chromatic-down,extra_inside,m2_env,0.539696001409122,0.5539644294200898,-0.014268428010967837
2026-08-01-flat-five-chromatic-down,extra_inside,m2_env_at,0.4516914608639273,0.2797828634399952,0.1719085974239321
2026-08-01-flat-five-chromatic-down,extra_inside,m3_chroma,0.9643937945365906,0.7825760245323181,0.18181777000427246
2026-08-01-flat-five-chromatic-down,extra_inside,m3_chroma_dtw,0.9720273017883301,0.8053382635116577,0.16668903827667236
2026-08-01-flat-five-chromatic-down,extra_inside,m4_cqt,0.8380223512649536,0.6903371810913086,0.14768517017364502
2026-08-01-flat-five-chromatic-down,extra_inside,m4_cqt_dtw,0.8553241491317749,0.7192838191986084,0.1360403299331665
2026-08-01-flat-five-chromatic-down,extra_inside,m5_cover,0.9320936801223961,0.7368090452261307,0.19528463489626546
2026-08-01-flat-five-chromatic-down,extra_inside,m5_cover_strict,0.9320936801223961,0.7368090452261307,0.19528463489626546
2026-08-01-flat-five-chromatic-down,stretch+5%,m1_raw,0.0694018780400766,0.09812120366531749,-0.02871932562524089
2026-08-01-flat-five-chromatic-down,stretch+5%,m2_env,0.539696001409122,0.4774507965595102,0.06224520484961177
2026-08-01-flat-five-chromatic-down,stretch+5%,m2_env_at,0.4516914608639273,0.0,0.4516914608639273
2026-08-01-flat-five-chromatic-down,stretch+5%,m3_chroma,0.9643937945365906,0.935016393661499,0.029377400875091553
2026-08-01-flat-five-chromatic-down,stretch+5%,m3_chroma_dtw,0.9720273017883301,0.9658799171447754,0.0061473846435546875
2026-08-01-flat-five-chromatic-down,stretch+5%,m4_cqt,0.8380223512649536,0.8626760244369507,-0.02465367317199707
2026-08-01-flat-five-chromatic-down,stretch+5%,m4_cqt_dtw,0.8553241491317749,0.9008748531341553,-0.04555070400238037
2026-08-01-flat-five-chromatic-down,stretch+5%,m5_cover,0.9320936801223961,0.9390330900510344,-0.006939409928638285
2026-08-01-flat-five-chromatic-down,stretch+5%,m5_cover_strict,0.9320936801223961,0.9390330900510344,-0.006939409928638285
2026-08-01-flat-five-chromatic-down,stretch-5%,m1_raw,0.0694018780400766,0.09462430085751909,-0.025222422817442497
2026-08-01-flat-five-chromatic-down,stretch-5%,m2_env,0.539696001409122,0.4616463010182967,0.07804970039082532
2026-08-01-flat-five-chromatic-down,stretch-5%,m2_env_at,0.4516914608639273,0.2638506494999331,0.18784081136399422
2026-08-01-flat-five-chromatic-down,stretch-5%,m3_chroma,0.9643937945365906,0.9181536436080933,0.046240150928497314
2026-08-01-flat-five-chromatic-down,stretch-5%,m3_chroma_dtw,0.9720273017883301,0.9709306955337524,0.0010966062545776367
2026-08-01-flat-five-chromatic-down,stretch-5%,m4_cqt,0.8380223512649536,0.8689477443695068,-0.030925393104553223
2026-08-01-flat-five-chromatic-down,stretch-5%,m4_cqt_dtw,0.8553241491317749,0.9175055623054504,-0.06218141317367554
2026-08-01-flat-five-chromatic-down,stretch-5%,m5_cover,0.9320936801223961,0.9144303797468355,0.01766330037556063
2026-08-01-flat-five-chromatic-down,stretch-5%,m5_cover_strict,0.9320936801223961,0.9144303797468355,0.01766330037556063
2026-05-20-blues-curl-up,pitch+1st,m1_raw,0.19318229817838198,0.21900590700966852,-0.025823608831286538
2026-05-20-blues-curl-up,pitch+1st,m2_env,0.6039865724360342,0.5986783287161785,0.00530824371985561
2026-05-20-blues-curl-up,pitch+1st,m2_env_at,0.0,0.0,0.0
2026-05-20-blues-curl-up,pitch+1st,m3_chroma,0.9614364504814148,0.8367190957069397,0.1247173547744751
2026-05-20-blues-curl-up,pitch+1st,m3_chroma_dtw,0.9849299788475037,0.8798989057540894,0.1050310730934143
2026-05-20-blues-curl-up,pitch+1st,m4_cqt,0.8335041403770447,0.7685722708702087,0.06493186950683594
2026-05-20-blues-curl-up,pitch+1st,m4_cqt_dtw,0.8663714528083801,0.7834256887435913,0.08294576406478882
2026-05-20-blues-curl-up,pitch+1st,m5_cover,0.9450733752620545,0.712136409227683,0.23293696603437153
2026-05-20-blues-curl-up,pitch+1st,m5_cover_strict,0.9450733752620545,0.712136409227683,0.23293696603437153
2026-05-20-blues-curl-up,note_dropped,m1_raw,0.19318229817838198,0.23930426412805839,-0.04612196594967641
2026-05-20-blues-curl-up,note_dropped,m2_env,0.6039865724360342,0.6400579646211719,-0.036071392185137774
2026-05-20-blues-curl-up,note_dropped,m2_env_at,0.0,0.0,0.0
2026-05-20-blues-curl-up,note_dropped,m3_chroma,0.9614364504814148,0.8046623468399048,0.15677410364151
2026-05-20-blues-curl-up,note_dropped,m3_chroma_dtw,0.9849299788475037,0.8561624884605408,0.1287674903869629
2026-05-20-blues-curl-up,note_dropped,m4_cqt,0.8335041403770447,0.7097247838973999,0.12377935647964478
2026-05-20-blues-curl-up,note_dropped,m4_cqt_dtw,0.8663714528083801,0.7561208009719849,0.11025065183639526
2026-05-20-blues-curl-up,note_dropped,m5_cover,0.9450733752620545,0.8147321428571428,0.1303412324049117
2026-05-20-blues-curl-up,note_dropped,m5_cover_strict,0.9450733752620545,0.8147321428571428,0.1303412324049117
2026-05-20-blues-curl-up,note_late150ms,m1_raw,0.19318229817838198,0.27015743980288864,-0.07697514162450667
2026-05-20-blues-curl-up,note_late150ms,m2_env,0.6039865724360342,0.6001283218914937,0.0038582505445404758
2026-05-20-blues-curl-up,note_late150ms,m2_env_at,0.0,0.0,0.0
2026-05-20-blues-curl-up,note_late150ms,m3_chroma,0.9614364504814148,0.9185956716537476,0.042840778827667236
2026-05-20-blues-curl-up,note_late150ms,m3_chroma_dtw,0.9849299788475037,0.9864118099212646,-0.0014818310737609863
2026-05-20-blues-curl-up,note_late150ms,m4_cqt,0.8335041403770447,0.7941550612449646,0.03934907913208008
2026-05-20-blues-curl-up,note_late150ms,m4_cqt_dtw,0.8663714528083801,0.871690571308136,-0.005319118499755859
2026-05-20-blues-curl-up,note_late150ms,m5_cover,0.9450733752620545,0.8837316707077705,0.061341704554284004
2026-05-20-blues-curl-up,note_late150ms,m5_cover_strict,0.9450733752620545,0.8837316707077705,0.061341704554284004
2026-05-20-blues-curl-up,extra_after,m1_raw,0.19318229817838198,0.1808311065812059,0.01235119159717607
2026-05-20-blues-curl-up,extra_after,m2_env,0.6039865724360342,0.5158627183420449,0.08812385409398926
2026-05-20-blues-curl-up,extra_after,m2_env_at,0.0,0.02129838952784346,-0.02129838952784346
2026-05-20-blues-curl-up,extra_after,m3_chroma,0.9614364504814148,0.8086072206497192,0.15282922983169556
2026-05-20-blues-curl-up,extra_after,m3_chroma_dtw,0.9849299788475037,0.9060328006744385,0.07889717817306519
2026-05-20-blues-curl-up,extra_after,m4_cqt,0.8335041403770447,0.6893056631088257,0.144198477268219
2026-05-20-blues-curl-up,extra_after,m4_cqt_dtw,0.8663714528083801,0.7911455631256104,0.07522588968276978
2026-05-20-blues-curl-up,extra_after,m5_cover,0.9450733752620545,0.8400510669341601,0.10502230832789439
2026-05-20-blues-curl-up,extra_after,m5_cover_strict,0.9450733752620545,0.8400510669341601,0.10502230832789439
2026-05-20-blues-curl-up,extra_inside,m1_raw,0.19318229817838198,0.150102390637345,0.043079907541036966
2026-05-20-blues-curl-up,extra_inside,m2_env,0.6039865724360342,0.5608351557706173,0.043151416665416886
2026-05-20-blues-curl-up,extra_inside,m2_env_at,0.0,0.0,0.0
2026-05-20-blues-curl-up,extra_inside,m3_chroma,0.9614364504814148,0.781186580657959,0.1802498698234558
2026-05-20-blues-curl-up,extra_inside,m3_chroma_dtw,0.9849299788475037,0.8222641348838806,0.16266584396362305
2026-05-20-blues-curl-up,extra_inside,m4_cqt,0.8335041403770447,0.6815809011459351,0.15192323923110962
2026-05-20-blues-curl-up,extra_inside,m4_cqt_dtw,0.8663714528083801,0.7424606680870056,0.12391078472137451
2026-05-20-blues-curl-up,extra_inside,m5_cover,0.9450733752620545,0.7138890973212276,0.23118427794082685
2026-05-20-blues-curl-up,extra_inside,m5_cover_strict,0.9450733752620545,0.7138890973212276,0.23118427794082685
2026-05-20-blues-curl-up,stretch+5%,m1_raw,0.19318229817838198,0.2259458768097077,-0.03276357863132573
2026-05-20-blues-curl-up,stretch+5%,m2_env,0.6039865724360342,0.5630938598336289,0.040892712602405235
2026-05-20-blues-curl-up,stretch+5%,m2_env_at,0.0,0.0,0.0
2026-05-20-blues-curl-up,stretch+5%,m3_chroma,0.9614364504814148,0.9675071835517883,-0.006070733070373535
2026-05-20-blues-curl-up,stretch+5%,m3_chroma_dtw,0.9849299788475037,0.9742285013198853,0.010701477527618408
2026-05-20-blues-curl-up,stretch+5%,m4_cqt,0.8335041403770447,0.837095320224762,-0.003591179847717285
2026-05-20-blues-curl-up,stretch+5%,m4_cqt_dtw,0.8663714528083801,0.845097541809082,0.021273910999298096
2026-05-20-blues-curl-up,stretch+5%,m5_cover,0.9450733752620545,0.9755597834040685,-0.030486408142013977
2026-05-20-blues-curl-up,stretch+5%,m5_cover_strict,0.9450733752620545,0.9755597834040685,-0.030486408142013977
2026-05-20-blues-curl-up,stretch-5%,m1_raw,0.19318229817838198,0.23413808757748272,-0.040955789399100745
2026-05-20-blues-curl-up,stretch-5%,m2_env,0.6039865724360342,0.3898367629960124,0.21414980944002177
2026-05-20-blues-curl-up,stretch-5%,m2_env_at,0.0,0.0793916958539192,-0.0793916958539192
2026-05-20-blues-curl-up,stretch-5%,m3_chroma,0.9614364504814148,0.9237532615661621,0.037683188915252686
2026-05-20-blues-curl-up,stretch-5%,m3_chroma_dtw,0.9849299788475037,0.9858757257461548,-0.000945746898651123
2026-05-20-blues-curl-up,stretch-5%,m4_cqt,0.8335041403770447,0.7976272702217102,0.03587687015533447
2026-05-20-blues-curl-up,stretch-5%,m4_cqt_dtw,0.8663714528083801,0.8689197301864624,-0.0025482773780822754
2026-05-20-blues-curl-up,stretch-5%,m5_cover,0.9450733752620545,0.9293305985455901,0.0157427767164644
2026-05-20-blues-curl-up,stretch-5%,m5_cover_strict,0.9450733752620545,0.9293305985455901,0.0157427767164644
2026-05-19-flat-seven-octave,pitch+1st,m1_raw,0.1744482497545507,0.08188520087312236,0.09256304888142834
2026-05-19-flat-seven-octave,pitch+1st,m2_env,0.6801879013798408,0.6960972546874863,-0.015909353307645535
2026-05-19-flat-seven-octave,pitch+1st,m2_env_at,0.18405194744470596,0.055286980071221827,0.12876496737348414
2026-05-19-flat-seven-octave,pitch+1st,m3_chroma,0.9574800133705139,0.763252317905426,0.1942276954650879
2026-05-19-flat-seven-octave,pitch+1st,m3_chroma_dtw,0.9614009857177734,0.8143593072891235,0.1470416784286499
2026-05-19-flat-seven-octave,pitch+1st,m4_cqt,0.8401888012886047,0.7029152512550354,0.13727355003356934
2026-05-19-flat-seven-octave,pitch+1st,m4_cqt_dtw,0.8866462707519531,0.7729420065879822,0.11370426416397095
2026-05-19-flat-seven-octave,pitch+1st,m5_cover,0.9209481410179281,0.6787957901607244,0.24215235085720366
2026-05-19-flat-seven-octave,pitch+1st,m5_cover_strict,0.9209481410179281,0.6787957901607244,0.24215235085720366
2026-05-19-flat-seven-octave,note_dropped,m1_raw,0.1744482497545507,0.08471961807356204,0.08972863168098866
2026-05-19-flat-seven-octave,note_dropped,m2_env,0.6801879013798408,0.6256726287412332,0.05451527263860756
2026-05-19-flat-seven-octave,note_dropped,m2_env_at,0.18405194744470596,0.0,0.18405194744470596
2026-05-19-flat-seven-octave,note_dropped,m3_chroma,0.9574800133705139,0.7317937612533569,0.22568625211715698
2026-05-19-flat-seven-octave,note_dropped,m3_chroma_dtw,0.9614009857177734,0.9492970705032349,0.012103915214538574
2026-05-19-flat-seven-octave,note_dropped,m4_cqt,0.8401888012886047,0.6336023807525635,0.20658642053604126
2026-05-19-flat-seven-octave,note_dropped,m4_cqt_dtw,0.8866462707519531,0.8941391706466675,-0.0074928998947143555
2026-05-19-flat-seven-octave,note_dropped,m5_cover,0.9209481410179281,0.7878787878787878,0.13306935313914026
2026-05-19-flat-seven-octave,note_dropped,m5_cover_strict,0.9209481410179281,0.7878787878787878,0.13306935313914026
2026-05-19-flat-seven-octave,note_late150ms,m1_raw,0.1744482497545507,0.1614754122079704,0.012972837546580296
2026-05-19-flat-seven-octave,note_late150ms,m2_env,0.6801879013798408,0.6176228458188909,0.06256505556094982
2026-05-19-flat-seven-octave,note_late150ms,m2_env_at,0.18405194744470596,0.42135730921657405,-0.2373053617718681
2026-05-19-flat-seven-octave,note_late150ms,m3_chroma,0.9574800133705139,0.9440069198608398,0.013473093509674072
2026-05-19-flat-seven-octave,note_late150ms,m3_chroma_dtw,0.9614009857177734,0.9586589336395264,0.0027420520782470703
2026-05-19-flat-seven-octave,note_late150ms,m4_cqt,0.8401888012886047,0.8330425024032593,0.007146298885345459
2026-05-19-flat-seven-octave,note_late150ms,m4_cqt_dtw,0.8866462707519531,0.8930878639221191,-0.006441593170166016
2026-05-19-flat-seven-octave,note_late150ms,m5_cover,0.9209481410179281,0.9029282914456999,0.01801984957222824
2026-05-19-flat-seven-octave,note_late150ms,m5_cover_strict,0.9209481410179281,0.9029282914456999,0.01801984957222824
2026-05-19-flat-seven-octave,extra_after,m1_raw,0.1744482497545507,0.17369554107021667,0.0007527086843340247
2026-05-19-flat-seven-octave,extra_after,m2_env,0.6801879013798408,0.6620558859092678,0.01813201547057297
2026-05-19-flat-seven-octave,extra_after,m2_env_at,0.18405194744470596,0.0,0.18405194744470596
2026-05-19-flat-seven-octave,extra_after,m3_chroma,0.9574800133705139,0.7647960186004639,0.19268399477005005
2026-05-19-flat-seven-octave,extra_after,m3_chroma_dtw,0.9614009857177734,0.9075934290885925,0.05380755662918091
2026-05-19-flat-seven-octave,extra_after,m4_cqt,0.8401888012886047,0.6595621109008789,0.18062669038772583
2026-05-19-flat-seven-octave,extra_after,m4_cqt_dtw,0.8866462707519531,0.833129346370697,0.053516924381256104
2026-05-19-flat-seven-octave,extra_after,m5_cover,0.9209481410179281,0.7929425156516791,0.12800562536624904
2026-05-19-flat-seven-octave,extra_after,m5_cover_strict,0.9209481410179281,0.7929425156516791,0.12800562536624904
2026-05-19-flat-seven-octave,extra_inside,m1_raw,0.1744482497545507,0.13457268178707157,0.039875567967479125
2026-05-19-flat-seven-octave,extra_inside,m2_env,0.6801879013798408,0.7522735322504989,-0.07208563087065811
2026-05-19-flat-seven-octave,extra_inside,m2_env_at,0.18405194744470596,0.13012454345210542,0.05392740399260054
2026-05-19-flat-seven-octave,extra_inside,m3_chroma,0.9574800133705139,0.8371217250823975,0.12035828828811646
2026-05-19-flat-seven-octave,extra_inside,m3_chroma_dtw,0.9614009857177734,0.8439793586730957,0.11742162704467773
2026-05-19-flat-seven-octave,extra_inside,m4_cqt,0.8401888012886047,0.7212802171707153,0.1189085841178894
2026-05-19-flat-seven-octave,extra_inside,m4_cqt_dtw,0.8866462707519531,0.7730535864830017,0.11359268426895142
2026-05-19-flat-seven-octave,extra_inside,m5_cover,0.9209481410179281,0.7609109497285483,0.16003719128937977
2026-05-19-flat-seven-octave,extra_inside,m5_cover_strict,0.9209481410179281,0.7609109497285483,0.16003719128937977
2026-05-19-flat-seven-octave,stretch+5%,m1_raw,0.1744482497545507,0.17165650739154403,0.0027917423630066662
2026-05-19-flat-seven-octave,stretch+5%,m2_env,0.6801879013798408,0.5356872633748839,0.14450063800495683
2026-05-19-flat-seven-octave,stretch+5%,m2_env_at,0.18405194744470596,0.21304827527650635,-0.028996327831800395
2026-05-19-flat-seven-octave,stretch+5%,m3_chroma,0.9574800133705139,0.9645516872406006,-0.00707167387008667
2026-05-19-flat-seven-octave,stretch+5%,m3_chroma_dtw,0.9614009857177734,0.9687620401382446,-0.007361054420471191
2026-05-19-flat-seven-octave,stretch+5%,m4_cqt,0.8401888012886047,0.8510870933532715,-0.010898292064666748
2026-05-19-flat-seven-octave,stretch+5%,m4_cqt_dtw,0.8866462707519531,0.894031822681427,-0.007385551929473877
2026-05-19-flat-seven-octave,stretch+5%,m5_cover,0.9209481410179281,0.934010152284264,-0.013062011266335882
2026-05-19-flat-seven-octave,stretch+5%,m5_cover_strict,0.9209481410179281,0.934010152284264,-0.013062011266335882
2026-05-19-flat-seven-octave,stretch-5%,m1_raw,0.1744482497545507,0.17908338512043348,-0.004635135365882781
2026-05-19-flat-seven-octave,stretch-5%,m2_env,0.6801879013798408,0.49636598095090706,0.1838219204289337
2026-05-19-flat-seven-octave,stretch-5%,m2_env_at,0.18405194744470596,0.30402339429598485,-0.11997144685127889
2026-05-19-flat-seven-octave,stretch-5%,m3_chroma,0.9574800133705139,0.9448933005332947,0.012586712837219238
2026-05-19-flat-seven-octave,stretch-5%,m3_chroma_dtw,0.9614009857177734,0.9725409150123596,-0.011139929294586182
2026-05-19-flat-seven-octave,stretch-5%,m4_cqt,0.8401888012886047,0.8304988145828247,0.00968998670578003
2026-05-19-flat-seven-octave,stretch-5%,m4_cqt_dtw,0.8866462707519531,0.8957890272140503,-0.009142756462097168
2026-05-19-flat-seven-octave,stretch-5%,m5_cover,0.9209481410179281,0.932322685435842,-0.011374544417913857
2026-05-19-flat-seven-octave,stretch-5%,m5_cover_strict,0.9209481410179281,0.932322685435842,-0.011374544417913857
2026-09-09-climb-to-five,pitch+1st,m1_raw,0.19752319568211926,0.19801858042973997,-0.000495384747620703
2026-09-09-climb-to-five,pitch+1st,m2_env,0.5164288163390264,0.44604502630740395,0.07038379003162243
2026-09-09-climb-to-five,pitch+1st,m2_env_at,0.5164288163390264,0.44083908624334484,0.07558973009568154
2026-09-09-climb-to-five,pitch+1st,m3_chroma,0.957467794418335,0.9188082814216614,0.038659512996673584
2026-09-09-climb-to-five,pitch+1st,m3_chroma_dtw,0.9836441278457642,0.9524690508842468,0.031175076961517334
2026-09-09-climb-to-five,pitch+1st,m4_cqt,0.8955811262130737,0.8617660999298096,0.03381502628326416
2026-09-09-climb-to-five,pitch+1st,m4_cqt_dtw,0.9460631608963013,0.9161695241928101,0.02989363670349121
2026-09-09-climb-to-five,pitch+1st,m5_cover,0.9215604464378847,0.8333141077402237,0.08824633869766096
2026-09-09-climb-to-five,pitch+1st,m5_cover_strict,0.9215604464378847,0.8333141077402237,0.08824633869766096
2026-09-09-climb-to-five,note_dropped,m1_raw,0.19752319568211926,0.2000543423859415,-0.0025311467038222346
2026-09-09-climb-to-five,note_dropped,m2_env,0.5164288163390264,0.5840250384154152,-0.06759622207638882
2026-09-09-climb-to-five,note_dropped,m2_env_at,0.5164288163390264,0.19035073365515284,0.3260780826838735
2026-09-09-climb-to-five,note_dropped,m3_chroma,0.957467794418335,0.9090927243232727,0.048375070095062256
2026-09-09-climb-to-five,note_dropped,m3_chroma_dtw,0.9836441278457642,0.9345124959945679,0.04913163185119629
2026-09-09-climb-to-five,note_dropped,m4_cqt,0.8955811262130737,0.8409712910652161,0.054609835147857666
2026-09-09-climb-to-five,note_dropped,m4_cqt_dtw,0.9460631608963013,0.8896795511245728,0.056383609771728516
2026-09-09-climb-to-five,note_dropped,m5_cover,0.9215604464378847,0.8885701170530181,0.03299032938486657
2026-09-09-climb-to-five,note_dropped,m5_cover_strict,0.9215604464378847,0.8885701170530181,0.03299032938486657
2026-09-09-climb-to-five,note_late150ms,m1_raw,0.19752319568211926,0.2018734033418327,-0.004350207659713445
2026-09-09-climb-to-five,note_late150ms,m2_env,0.5164288163390264,0.42331022019396225,0.09311859614506413
2026-09-09-climb-to-five,note_late150ms,m2_env_at,0.5164288163390264,0.2166556580400363,0.2997731582989901
2026-09-09-climb-to-five,note_late150ms,m3_chroma,0.957467794418335,0.924790620803833,0.03267717361450195
2026-09-09-climb-to-five,note_late150ms,m3_chroma_dtw,0.9836441278457642,0.9674744606018066,0.01616966724395752
2026-09-09-climb-to-five,note_late150ms,m4_cqt,0.8955811262130737,0.8518822193145752,0.043698906898498535
2026-09-09-climb-to-five,note_late150ms,m4_cqt_dtw,0.9460631608963013,0.9188410043716431,0.027222156524658203
2026-09-09-climb-to-five,note_late150ms,m5_cover,0.9215604464378847,0.8943790416183055,0.027181404819579202
2026-09-09-climb-to-five,note_late150ms,m5_cover_strict,0.9215604464378847,0.8943790416183055,0.027181404819579202
2026-09-09-climb-to-five,extra_after,m1_raw,0.19752319568211926,0.19752319568211713,2.1371793224034263e-15
2026-09-09-climb-to-five,extra_after,m2_env,0.5164288163390264,0.4221763454984457,0.0942524708405807
2026-09-09-climb-to-five,extra_after,m2_env_at,0.5164288163390264,0.4221763454984457,0.0942524708405807
2026-09-09-climb-to-five,extra_after,m3_chroma,0.957467794418335,0.7973434925079346,0.1601243019104004
2026-09-09-climb-to-five,extra_after,m3_chroma_dtw,0.9836441278457642,0.9838868379592896,-0.00024271011352539062
2026-09-09-climb-to-five,extra_after,m4_cqt,0.8955811262130737,0.7352758049964905,0.16030532121658325
2026-09-09-climb-to-five,extra_after,m4_cqt_dtw,0.9460631608963013,0.946063756942749,-5.960464477539062e-07
2026-09-09-climb-to-five,extra_after,m5_cover,0.9215604464378847,0.8363705211340939,0.08518992530379077
2026-09-09-climb-to-five,extra_after,m5_cover_strict,0.9215604464378847,0.8363705211340939,0.08518992530379077
2026-09-09-climb-to-five,extra_inside,m1_raw,0.19752319568211926,0.22180824032673896,-0.024285044644619697
2026-09-09-climb-to-five,extra_inside,m2_env,0.5164288163390264,0.5482715469812844,-0.031842730642258066
2026-09-09-climb-to-five,extra_inside,m2_env_at,0.5164288163390264,0.23759617490387996,0.2788326414351464
2026-09-09-climb-to-five,extra_inside,m3_chroma,0.957467794418335,0.8517479300498962,0.10571986436843872
2026-09-09-climb-to-five,extra_inside,m3_chroma_dtw,0.9836441278457642,0.884899377822876,0.09874475002288818
2026-09-09-climb-to-five,extra_inside,m4_cqt,0.8955811262130737,0.799494206905365,0.09608691930770874
2026-09-09-climb-to-five,extra_inside,m4_cqt_dtw,0.9460631608963013,0.8689231872558594,0.0771399736404419
2026-09-09-climb-to-five,extra_inside,m5_cover,0.9215604464378847,0.8129979298663823,0.1085625165715024
2026-09-09-climb-to-five,extra_inside,m5_cover_strict,0.9215604464378847,0.8129979298663823,0.1085625165715024
2026-09-09-climb-to-five,stretch+5%,m1_raw,0.19752319568211926,0.17327249453215784,0.024250701149961418
2026-09-09-climb-to-five,stretch+5%,m2_env,0.5164288163390264,0.46077107191980415,0.05565774441922222
2026-09-09-climb-to-five,stretch+5%,m2_env_at,0.5164288163390264,0.25087994889708704,0.26554886744193934
2026-09-09-climb-to-five,stretch+5%,m3_chroma,0.957467794418335,0.9533831477165222,0.004084646701812744
2026-09-09-climb-to-five,stretch+5%,m3_chroma_dtw,0.9836441278457642,0.9653854370117188,0.01825869083404541
2026-09-09-climb-to-five,stretch+5%,m4_cqt,0.8955811262130737,0.8805863857269287,0.01499474048614502
2026-09-09-climb-to-five,stretch+5%,m4_cqt_dtw,0.9460631608963013,0.9170677065849304,0.02899545431137085
2026-09-09-climb-to-five,stretch+5%,m5_cover,0.9215604464378847,0.9356173712609357,-0.014056924823050987
2026-09-09-climb-to-five,stretch+5%,m5_cover_strict,0.9215604464378847,0.9356173712609357,-0.014056924823050987
2026-09-09-climb-to-five,stretch-5%,m1_raw,0.19752319568211926,0.18841474010693773,0.009108455575181529
2026-09-09-climb-to-five,stretch-5%,m2_env,0.5164288163390264,0.47025832249021715,0.046170493848809224
2026-09-09-climb-to-five,stretch-5%,m2_env_at,0.5164288163390264,0.3690927966324541,0.14733601970657229
2026-09-09-climb-to-five,stretch-5%,m3_chroma,0.957467794418335,0.934178352355957,0.02328944206237793
2026-09-09-climb-to-five,stretch-5%,m3_chroma_dtw,0.9836441278457642,0.9813539981842041,0.0022901296615600586
2026-09-09-climb-to-five,stretch-5%,m4_cqt,0.8955811262130737,0.8002855777740479,0.09529554843902588
2026-09-09-climb-to-five,stretch-5%,m4_cqt_dtw,0.9460631608963013,0.8780320882797241,0.06803107261657715
2026-09-09-climb-to-five,stretch-5%,m5_cover,0.9215604464378847,0.9054726368159204,0.016087809621964322
2026-09-09-climb-to-five,stretch-5%,m5_cover_strict,0.9215604464378847,0.9054726368159204,0.016087809621964322
2026-08-13-blue-note-roll-off,pitch+1st,m1_raw,0.25632389032920383,0.14540537841549042,0.11091851191371341
2026-08-13-blue-note-roll-off,pitch+1st,m2_env,0.5487506824501074,0.5589102863237537,-0.010159603873646339
2026-08-13-blue-note-roll-off,pitch+1st,m2_env_at,0.27277823265742857,0.21391871403989085,0.058859518617537715
2026-08-13-blue-note-roll-off,pitch+1st,m3_chroma,0.9513858556747437,0.8063539862632751,0.1450318694114685
2026-08-13-blue-note-roll-off,pitch+1st,m3_chroma_dtw,0.963742733001709,0.8308336138725281,0.1329091191291809
2026-08-13-blue-note-roll-off,pitch+1st,m4_cqt,0.9539377689361572,0.8412386178970337,0.11269915103912354
2026-08-13-blue-note-roll-off,pitch+1st,m4_cqt_dtw,0.9574851989746094,0.8974044919013977,0.06008070707321167
2026-08-13-blue-note-roll-off,pitch+1st,m5_cover,0.929170383586084,0.6879334257975035,0.24123695778858045
2026-08-13-blue-note-roll-off,pitch+1st,m5_cover_strict,0.929170383586084,0.6879334257975035,0.24123695778858045
2026-08-13-blue-note-roll-off,note_dropped,m1_raw,0.25632389032920383,0.20057630376808272,0.05574758656112111
2026-08-13-blue-note-roll-off,note_dropped,m2_env,0.5487506824501074,0.4968335496512482,0.05191713279885918
2026-08-13-blue-note-roll-off,note_dropped,m2_env_at,0.27277823265742857,0.1553950941403319,0.11738313851709667
2026-08-13-blue-note-roll-off,note_dropped,m3_chroma,0.9513858556747437,0.784784734249115,0.16660112142562866
2026-08-13-blue-note-roll-off,note_dropped,m3_chroma_dtw,0.963742733001709,0.8076632022857666,0.15607953071594238
2026-08-13-blue-note-roll-off,note_dropped,m4_cqt,0.9539377689361572,0.7795297503471375,0.17440801858901978
2026-08-13-blue-note-roll-off,note_dropped,m4_cqt_dtw,0.9574851989746094,0.8372317552566528,0.12025344371795654
2026-08-13-blue-note-roll-off,note_dropped,m5_cover,0.929170383586084,0.8039056143205858,0.12526476926549812
2026-08-13-blue-note-roll-off,note_dropped,m5_cover_strict,0.929170383586084,0.8039056143205858,0.12526476926549812
2026-08-13-blue-note-roll-off,note_late150ms,m1_raw,0.25632389032920383,0.24382307028636807,0.012500820042835759
2026-08-13-blue-note-roll-off,note_late150ms,m2_env,0.5487506824501074,0.5466115383758283,0.0021391440742790646
2026-08-13-blue-note-roll-off,note_late150ms,m2_env_at,0.27277823265742857,0.0687946996669307,0.20398353299049787
2026-08-13-blue-note-roll-off,note_late150ms,m3_chroma,0.9513858556747437,0.905302107334137,0.04608374834060669
2026-08-13-blue-note-roll-off,note_late150ms,m3_chroma_dtw,0.963742733001709,0.9360015392303467,0.027741193771362305
2026-08-13-blue-note-roll-off,note_late150ms,m4_cqt,0.9539377689361572,0.8896864056587219,0.0642513632774353
2026-08-13-blue-note-roll-off,note_late150ms,m4_cqt_dtw,0.9574851989746094,0.9173942804336548,0.04009091854095459
2026-08-13-blue-note-roll-off,note_late150ms,m5_cover,0.929170383586084,0.9171119671927427,0.012058416393341265
2026-08-13-blue-note-roll-off,note_late150ms,m5_cover_strict,0.929170383586084,0.9171119671927427,0.012058416393341265
2026-08-13-blue-note-roll-off,extra_after,m1_raw,0.25632389032920383,0.2563238903294123,-2.0844437287337314e-13
2026-08-13-blue-note-roll-off,extra_after,m2_env,0.5487506824501074,0.4616661001027983,0.08708458234730909
2026-08-13-blue-note-roll-off,extra_after,m2_env_at,0.27277823265742857,0.018924470372337382,0.25385376228509116
2026-08-13-blue-note-roll-off,extra_after,m3_chroma,0.9513858556747437,0.8067529201507568,0.14463293552398682
2026-08-13-blue-note-roll-off,extra_after,m3_chroma_dtw,0.963742733001709,0.830750584602356,0.13299214839935303
2026-08-13-blue-note-roll-off,extra_after,m4_cqt,0.9539377689361572,0.7967838048934937,0.15715396404266357
2026-08-13-blue-note-roll-off,extra_after,m4_cqt_dtw,0.9574851989746094,0.8402388691902161,0.11724632978439331
2026-08-13-blue-note-roll-off,extra_after,m5_cover,0.929170383586084,0.8310615004829881,0.09810888310309585
2026-08-13-blue-note-roll-off,extra_after,m5_cover_strict,0.929170383586084,0.8310615004829881,0.09810888310309585
2026-08-13-blue-note-roll-off,extra_inside,m1_raw,0.25632389032920383,0.19553090025094608,0.06079299007825775
2026-08-13-blue-note-roll-off,extra_inside,m2_env,0.5487506824501074,0.38665930446166535,0.16209137798844203
2026-08-13-blue-note-roll-off,extra_inside,m2_env_at,0.27277823265742857,0.16413033993507928,0.10864789272234929
2026-08-13-blue-note-roll-off,extra_inside,m3_chroma,0.9513858556747437,0.7898491024971008,0.16153675317764282
2026-08-13-blue-note-roll-off,extra_inside,m3_chroma_dtw,0.963742733001709,0.807257354259491,0.15648537874221802
2026-08-13-blue-note-roll-off,extra_inside,m4_cqt,0.9539377689361572,0.7758936285972595,0.1780441403388977
2026-08-13-blue-note-roll-off,extra_inside,m4_cqt_dtw,0.9574851989746094,0.7836384177207947,0.1738467812538147
2026-08-13-blue-note-roll-off,extra_inside,m5_cover,0.929170383586084,0.7622748673492266,0.1668955162368574
2026-08-13-blue-note-roll-off,extra_inside,m5_cover_strict,0.929170383586084,0.7622748673492266,0.1668955162368574
2026-08-13-blue-note-roll-off,stretch+5%,m1_raw,0.25632389032920383,0.2331554733227407,0.023168417006463132
2026-08-13-blue-note-roll-off,stretch+5%,m2_env,0.5487506824501074,0.5161219094926427,0.03262877295746469
2026-08-13-blue-note-roll-off,stretch+5%,m2_env_at,0.27277823265742857,0.0,0.27277823265742857
2026-08-13-blue-note-roll-off,stretch+5%,m3_chroma,0.9513858556747437,0.9489823579788208,0.0024034976959228516
2026-08-13-blue-note-roll-off,stretch+5%,m3_chroma_dtw,0.963742733001709,0.9676827192306519,-0.003939986228942871
2026-08-13-blue-note-roll-off,stretch+5%,m4_cqt,0.9539377689361572,0.9273616671562195,0.026576101779937744
2026-08-13-blue-note-roll-off,stretch+5%,m4_cqt_dtw,0.9574851989746094,0.9588330984115601,-0.0013478994369506836
2026-08-13-blue-note-roll-off,stretch+5%,m5_cover,0.929170383586084,0.9171497160255284,0.012020667560555531
2026-08-13-blue-note-roll-off,stretch+5%,m5_cover_strict,0.929170383586084,0.9171497160255284,0.012020667560555531
2026-08-13-blue-note-roll-off,stretch-5%,m1_raw,0.25632389032920383,0.24036521382345552,0.01595867650574831
2026-08-13-blue-note-roll-off,stretch-5%,m2_env,0.5487506824501074,0.5950213941340339,-0.04627071168392649
2026-08-13-blue-note-roll-off,stretch-5%,m2_env_at,0.27277823265742857,0.27804569599377654,-0.005267463336347977
2026-08-13-blue-note-roll-off,stretch-5%,m3_chroma,0.9513858556747437,0.9351543188095093,0.016231536865234375
2026-08-13-blue-note-roll-off,stretch-5%,m3_chroma_dtw,0.963742733001709,0.9758293032646179,-0.012086570262908936
2026-08-13-blue-note-roll-off,stretch-5%,m4_cqt,0.9539377689361572,0.8584110140800476,0.09552675485610962
2026-08-13-blue-note-roll-off,stretch-5%,m4_cqt_dtw,0.9574851989746094,0.8912067413330078,0.06627845764160156
2026-08-13-blue-note-roll-off,stretch-5%,m5_cover,0.929170383586084,0.8959115149121074,0.03325886867397654
2026-08-13-blue-note-roll-off,stretch-5%,m5_cover_strict,0.929170383586084,0.8959115149121074,0.03325886867397654
2026-06-21-flat-five-chromatic-up,pitch+1st,m1_raw,0.13100907078428295,0.12658521523507743,0.004423855549205519
2026-06-21-flat-five-chromatic-up,pitch+1st,m2_env,0.7050028471394391,0.7002707874496645,0.004732059689774526
2026-06-21-flat-five-chromatic-up,pitch+1st,m2_env_at,0.0,0.0,0.0
2026-06-21-flat-five-chromatic-up,pitch+1st,m3_chroma,0.9504435658454895,0.7784937620162964,0.17194980382919312
2026-06-21-flat-five-chromatic-up,pitch+1st,m3_chroma_dtw,0.9778938293457031,0.8965896964073181,0.08130413293838501
2026-06-21-flat-five-chromatic-up,pitch+1st,m4_cqt,0.887776792049408,0.7578145265579224,0.1299622654914856
2026-06-21-flat-five-chromatic-up,pitch+1st,m4_cqt_dtw,0.9164767861366272,0.8552180528640747,0.06125873327255249
2026-06-21-flat-five-chromatic-up,pitch+1st,m5_cover,0.9534883720930233,0.6542056074766355,0.2992827646163878
2026-06-21-flat-five-chromatic-up,pitch+1st,m5_cover_strict,0.9534883720930233,0.6542056074766355,0.2992827646163878
2026-06-21-flat-five-chromatic-up,note_dropped,m1_raw,0.13100907078428295,0.13391189748005547,-0.00290282669577252
2026-06-21-flat-five-chromatic-up,note_dropped,m2_env,0.7050028471394391,0.7002168413555977,0.004786005783841363
2026-06-21-flat-five-chromatic-up,note_dropped,m2_env_at,0.0,0.0,0.0
2026-06-21-flat-five-chromatic-up,note_dropped,m3_chroma,0.9504435658454895,0.7617917060852051,0.18865185976028442
2026-06-21-flat-five-chromatic-up,note_dropped,m3_chroma_dtw,0.9778938293457031,0.8986741900444031,0.07921963930130005
2026-06-21-flat-five-chromatic-up,note_dropped,m4_cqt,0.887776792049408,0.7025958895683289,0.1851809024810791
2026-06-21-flat-five-chromatic-up,note_dropped,m4_cqt_dtw,0.9164767861366272,0.8451219797134399,0.07135480642318726
2026-06-21-flat-five-chromatic-up,note_dropped,m5_cover,0.9534883720930233,0.8,0.15348837209302324
2026-06-21-flat-five-chromatic-up,note_dropped,m5_cover_strict,0.9534883720930233,0.8,0.15348837209302324
2026-06-21-flat-five-chromatic-up,note_late150ms,m1_raw,0.13100907078428295,0.12760794995924432,0.0034011208250386282
2026-06-21-flat-five-chromatic-up,note_late150ms,m2_env,0.7050028471394391,0.6814320825515618,0.023570764587877213
2026-06-21-flat-five-chromatic-up,note_late150ms,m2_env_at,0.0,0.0,0.0
2026-06-21-flat-five-chromatic-up,note_late150ms,m3_chroma,0.9504435658454895,0.9154818058013916,0.0349617600440979
2026-06-21-flat-five-chromatic-up,note_late150ms,m3_chroma_dtw,0.9778938293457031,0.9886645078659058,-0.010770678520202637
2026-06-21-flat-five-chromatic-up,note_late150ms,m4_cqt,0.887776792049408,0.8505961894989014,0.03718060255050659
2026-06-21-flat-five-chromatic-up,note_late150ms,m4_cqt_dtw,0.9164767861366272,0.9327250719070435,-0.01624828577041626
2026-06-21-flat-five-chromatic-up,note_late150ms,m5_cover,0.9534883720930233,0.9309878213802435,0.022500550712779788
2026-06-21-flat-five-chromatic-up,note_late150ms,m5_cover_strict,0.9534883720930233,0.9309878213802435,0.022500550712779788
2026-06-21-flat-five-chromatic-up,extra_after,m1_raw,0.13100907078428295,0.08844055145901768,0.04256851932526527
2026-06-21-flat-five-chromatic-up,extra_after,m2_env,0.7050028471394391,0.6440218817784785,0.06098096536096054
2026-06-21-flat-five-chromatic-up,extra_after,m2_env_at,0.0,0.01276767978111257,-0.01276767978111257
2026-06-21-flat-five-chromatic-up,extra_after,m3_chroma,0.9504435658454895,0.7723480463027954,0.1780955195426941
2026-06-21-flat-five-chromatic-up,extra_after,m3_chroma_dtw,0.9778938293457031,0.8823907971382141,0.09550303220748901
2026-06-21-flat-five-chromatic-up,extra_after,m4_cqt,0.887776792049408,0.7167406678199768,0.17103612422943115
2026-06-21-flat-five-chromatic-up,extra_after,m4_cqt_dtw,0.9164767861366272,0.8368565440177917,0.07962024211883545
2026-06-21-flat-five-chromatic-up,extra_after,m5_cover,0.9534883720930233,0.8122935346861727,0.14119483740685057
2026-06-21-flat-five-chromatic-up,extra_after,m5_cover_strict,0.9534883720930233,0.8122935346861727,0.14119483740685057
2026-06-21-flat-five-chromatic-up,extra_inside,m1_raw,0.13100907078428295,0.16068717137703864,-0.02967810059275569
2026-06-21-flat-five-chromatic-up,extra_inside,m2_env,0.7050028471394391,0.6844426163141863,0.020560230825252712
2026-06-21-flat-five-chromatic-up,extra_inside,m2_env_at,0.0,0.0,0.0
2026-06-21-flat-five-chromatic-up,extra_inside,m3_chroma,0.9504435658454895,0.8049824833869934,0.1454610824584961
2026-06-21-flat-five-chromatic-up,extra_inside,m3_chroma_dtw,0.9778938293457031,0.8308581113815308,0.14703571796417236
2026-06-21-flat-five-chromatic-up,extra_inside,m4_cqt,0.887776792049408,0.7541229724884033,0.13365381956100464
2026-06-21-flat-five-chromatic-up,extra_inside,m4_cqt_dtw,0.9164767861366272,0.8172638416290283,0.09921294450759888
2026-06-21-flat-five-chromatic-up,extra_inside,m5_cover,0.9534883720930233,0.7712230215827338,0.18226535051028947
2026-06-21-flat-five-chromatic-up,extra_inside,m5_cover_strict,0.9534883720930233,0.7712230215827338,0.18226535051028947
2026-06-21-flat-five-chromatic-up,stretch+5%,m1_raw,0.13100907078428295,0.14311243734128024,-0.012103366556997286
2026-06-21-flat-five-chromatic-up,stretch+5%,m2_env,0.7050028471394391,0.601757374972511,0.10324547216692803
2026-06-21-flat-five-chromatic-up,stretch+5%,m2_env_at,0.0,0.14908921180569965,-0.14908921180569965
2026-06-21-flat-five-chromatic-up,stretch+5%,m3_chroma,0.9504435658454895,0.9693641066551208,-0.018920540809631348
2026-06-21-flat-five-chromatic-up,stretch+5%,m3_chroma_dtw,0.9778938293457031,0.9815971255302429,-0.003703296184539795
2026-06-21-flat-five-chromatic-up,stretch+5%,m4_cqt,0.887776792049408,0.8996755480766296,-0.01189875602722168
2026-06-21-flat-five-chromatic-up,stretch+5%,m4_cqt_dtw,0.9164767861366272,0.9108413457870483,0.005635440349578857
2026-06-21-flat-five-chromatic-up,stretch+5%,m5_cover,0.9534883720930233,0.972972972972973,-0.019484600879949743
2026-06-21-flat-five-chromatic-up,stretch+5%,m5_cover_strict,0.9534883720930233,0.972972972972973,-0.019484600879949743
2026-06-21-flat-five-chromatic-up,stretch-5%,m1_raw,0.13100907078428295,0.12564650501908142,0.005362565765201527
2026-06-21-flat-five-chromatic-up,stretch-5%,m2_env,0.7050028471394391,0.4410394364015028,0.2639634107379363
2026-06-21-flat-five-chromatic-up,stretch-5%,m2_env_at,0.0,0.0,0.0
2026-06-21-flat-five-chromatic-up,stretch-5%,m3_chroma,0.9504435658454895,0.9207323789596558,0.02971118688583374
2026-06-21-flat-five-chromatic-up,stretch-5%,m3_chroma_dtw,0.9778938293457031,0.9681806564331055,0.009713172912597656
2026-06-21-flat-five-chromatic-up,stretch-5%,m4_cqt,0.887776792049408,0.8793298006057739,0.008446991443634033
2026-06-21-flat-five-chromatic-up,stretch-5%,m4_cqt_dtw,0.9164767861366272,0.922501802444458,-0.0060250163078308105
2026-06-21-flat-five-chromatic-up,stretch-5%,m5_cover,0.9534883720930233,0.9329341317365268,0.020554240356496445
2026-06-21-flat-five-chromatic-up,stretch-5%,m5_cover_strict,0.9534883720930233,0.9329341317365268,0.020554240356496445
2026-07-25-blue-note-step-up,pitch+1st,m1_raw,0.21263054631155945,0.1920582077721999,0.020572338539359553
2026-07-25-blue-note-step-up,pitch+1st,m2_env,0.5307145571393962,0.5272598205155284,0.003454736623867749
2026-07-25-blue-note-step-up,pitch+1st,m2_env_at,0.0,0.0,0.0
2026-07-25-blue-note-step-up,pitch+1st,m3_chroma,0.9446999430656433,0.7915747165679932,0.15312522649765015
2026-07-25-blue-note-step-up,pitch+1st,m3_chroma_dtw,0.9534838199615479,0.8321999311447144,0.1212838888168335
2026-07-25-blue-note-step-up,pitch+1st,m4_cqt,0.8684992790222168,0.7649086713790894,0.10359060764312744
2026-07-25-blue-note-step-up,pitch+1st,m4_cqt_dtw,0.9106477499008179,0.8698187470436096,0.04082900285720825
2026-07-25-blue-note-step-up,pitch+1st,m5_cover,0.9232976492660854,0.6705132098390526,0.25278443942703277
2026-07-25-blue-note-step-up,pitch+1st,m5_cover_strict,0.9232976492660854,0.6705132098390526,0.25278443942703277
2026-07-25-blue-note-step-up,note_dropped,m1_raw,0.21263054631155945,0.22883296984820747,-0.016202423536648025
2026-07-25-blue-note-step-up,note_dropped,m2_env,0.5307145571393962,0.6148423628886662,-0.08412780574927003
2026-07-25-blue-note-step-up,note_dropped,m2_env_at,0.0,0.0,0.0
2026-07-25-blue-note-step-up,note_dropped,m3_chroma,0.9446999430656433,0.7752110362052917,0.16948890686035156
2026-07-25-blue-note-step-up,note_dropped,m3_chroma_dtw,0.9534838199615479,0.7843125462532043,0.1691712737083435
2026-07-25-blue-note-step-up,note_dropped,m4_cqt,0.8684992790222168,0.7121703028678894,0.1563289761543274
2026-07-25-blue-note-step-up,note_dropped,m4_cqt_dtw,0.9106477499008179,0.7502006888389587,0.16044706106185913
2026-07-25-blue-note-step-up,note_dropped,m5_cover,0.9232976492660854,0.7873347478374408,0.13596290142864453
2026-07-25-blue-note-step-up,note_dropped,m5_cover_strict,0.9232976492660854,0.7873347478374408,0.13596290142864453
2026-07-25-blue-note-step-up,note_late150ms,m1_raw,0.21263054631155945,0.2358142887870444,-0.023183742475484964
2026-07-25-blue-note-step-up,note_late150ms,m2_env,0.5307145571393962,0.6445949890794086,-0.1138804319400124
2026-07-25-blue-note-step-up,note_late150ms,m2_env_at,0.0,0.1245149633927429,-0.1245149633927429
2026-07-25-blue-note-step-up,note_late150ms,m3_chroma,0.9446999430656433,0.890032947063446,0.054666996002197266
2026-07-25-blue-note-step-up,note_late150ms,m3_chroma_dtw,0.9534838199615479,0.9509792923927307,0.0025045275688171387
2026-07-25-blue-note-step-up,note_late150ms,m4_cqt,0.8684992790222168,0.8131906986236572,0.05530858039855957
2026-07-25-blue-note-step-up,note_late150ms,m4_cqt_dtw,0.9106477499008179,0.9057693481445312,0.004878401756286621
2026-07-25-blue-note-step-up,note_late150ms,m5_cover,0.9232976492660854,0.8863070539419086,0.03699059532417681
2026-07-25-blue-note-step-up,note_late150ms,m5_cover_strict,0.9232976492660854,0.8863070539419086,0.03699059532417681
2026-07-25-blue-note-step-up,extra_after,m1_raw,0.21263054631155945,0.18115543792436134,0.03147510838719811
2026-07-25-blue-note-step-up,extra_after,m2_env,0.5307145571393962,0.430448150375834,0.10026640676356219
2026-07-25-blue-note-step-up,extra_after,m2_env_at,0.0,0.0,0.0
2026-07-25-blue-note-step-up,extra_after,m3_chroma,0.9446999430656433,0.7685019373893738,0.17619800567626953
2026-07-25-blue-note-step-up,extra_after,m3_chroma_dtw,0.9534838199615479,0.8067770600318909,0.14670675992965698
2026-07-25-blue-note-step-up,extra_after,m4_cqt,0.8684992790222168,0.6924980878829956,0.1760011911392212
2026-07-25-blue-note-step-up,extra_after,m4_cqt_dtw,0.9106477499008179,0.7474061846733093,0.16324156522750854
2026-07-25-blue-note-step-up,extra_after,m5_cover,0.9232976492660854,0.8365163483651634,0.08678130090092195
2026-07-25-blue-note-step-up,extra_after,m5_cover_strict,0.9232976492660854,0.8365163483651634,0.08678130090092195
2026-07-25-blue-note-step-up,extra_inside,m1_raw,0.21263054631155945,0.19872366367316055,0.013906882638398899
2026-07-25-blue-note-step-up,extra_inside,m2_env,0.5307145571393962,0.591616536299834,-0.060901979160437825
2026-07-25-blue-note-step-up,extra_inside,m2_env_at,0.0,0.0,0.0
2026-07-25-blue-note-step-up,extra_inside,m3_chroma,0.9446999430656433,0.7886183857917786,0.15608155727386475
2026-07-25-blue-note-step-up,extra_inside,m3_chroma_dtw,0.9534838199615479,0.8013822436332703,0.1521015763282776
2026-07-25-blue-note-step-up,extra_inside,m4_cqt,0.8684992790222168,0.7259103655815125,0.14258891344070435
2026-07-25-blue-note-step-up,extra_inside,m4_cqt_dtw,0.9106477499008179,0.7959445118904114,0.1147032380104065
2026-07-25-blue-note-step-up,extra_inside,m5_cover,0.9232976492660854,0.7434554973821991,0.1798421518838863
2026-07-25-blue-note-step-up,extra_inside,m5_cover_strict,0.9232976492660854,0.7434554973821991,0.1798421518838863
2026-07-25-blue-note-step-up,stretch+5%,m1_raw,0.21263054631155945,0.17020421279453835,0.0424263335170211
2026-07-25-blue-note-step-up,stretch+5%,m2_env,0.5307145571393962,0.5210015112225327,0.009713045916863505
2026-07-25-blue-note-step-up,stretch+5%,m2_env_at,0.0,0.0,0.0
2026-07-25-blue-note-step-up,stretch+5%,m3_chroma,0.9446999430656433,0.9279782772064209,0.016721665859222412
2026-07-25-blue-note-step-up,stretch+5%,m3_chroma_dtw,0.9534838199615479,0.9406799674034119,0.012803852558135986
2026-07-25-blue-note-step-up,stretch+5%,m4_cqt,0.8684992790222168,0.8215652108192444,0.04693406820297241
2026-07-25-blue-note-step-up,stretch+5%,m4_cqt_dtw,0.9106477499008179,0.8555246591567993,0.055123090744018555
2026-07-25-blue-note-step-up,stretch+5%,m5_cover,0.9232976492660854,0.894621775251421,0.028675874014664426
2026-07-25-blue-note-step-up,stretch+5%,m5_cover_strict,0.9232976492660854,0.894621775251421,0.028675874014664426
2026-07-25-blue-note-step-up,stretch-5%,m1_raw,0.21263054631155945,0.19182942152580462,0.020801124785754826
2026-07-25-blue-note-step-up,stretch-5%,m2_env,0.5307145571393962,0.5249199434052575,0.005794613734138698
2026-07-25-blue-note-step-up,stretch-5%,m2_env_at,0.0,0.3797302650845016,-0.3797302650845016
2026-07-25-blue-note-step-up,stretch-5%,m3_chroma,0.9446999430656433,0.9256603121757507,0.019039630889892578
2026-07-25-blue-note-step-up,stretch-5%,m3_chroma_dtw,0.9534838199615479,0.9611265063285828,-0.007642686367034912
2026-07-25-blue-note-step-up,stretch-5%,m4_cqt,0.8684992790222168,0.8510377407073975,0.017461538314819336
2026-07-25-blue-note-step-up,stretch-5%,m4_cqt_dtw,0.9106477499008179,0.9299025535583496,-0.01925480365753174
2026-07-25-blue-note-step-up,stretch-5%,m5_cover,0.9232976492660854,0.8736571695469406,0.04964047971914476
2026-07-25-blue-note-step-up,stretch-5%,m5_cover_strict,0.9232976492660854,0.8736571695469406,0.04964047971914476
