metric,perturbation,mean,min
m1_raw,extra_after,0.012058863483211923,-2.0844437287337314e-13
m1_raw,extra_inside,0.022766892411115805,-0.02967810059275569
m1_raw,note_dropped,0.030065082973181077,-0.04612196594967641
m1_raw,note_late150ms,-0.014095099327024813,-0.07697514162450667
m1_raw,pitch+1st,0.05188653011810079,-0.025823608831286538
m1_raw,stretch+5%,0.009169690408222035,-0.03276357863132573
m1_raw,stretch-5%,0.004131435033657279,-0.040955789399100745
m2_env,extra_after,0.05874771360622851,0.011131306542169761
m2_env,extra_inside,0.03150543987322198,-0.07208563087065811
m2_env,note_dropped,-0.01360495122116619,-0.08412780574927003
m2_env,note_late150ms,0.007739413655766569,-0.16934606298180765
m2_env,pitch+1st,0.005255517527671294,-0.02297625065945408
m2_env,stretch+5%,0.061091935377074115,0.009713045916863505
m2_env,stretch-5%,0.13771601522443924,-0.04627071168392649
m2_env_at,extra_after,0.0836667174855516,-0.02129838952784346
m2_env_at,extra_inside,0.08519092518998853,0.0
m2_env_at,note_dropped,0.09916795056265107,-0.0593490017992683
m2_env_at,note_late150ms,-0.026101121172380858,-0.45608203691982246
m2_env_at,pitch+1st,0.02753386146563084,-0.03694092079769057
m2_env_at,stretch+5%,0.07688733938236206,-0.14908921180569965
m2_env_at,stretch-5%,-0.033426546590405504,-0.3797302650845016
m3_chroma,extra_after,0.17146660685539244,0.14463293552398682
m3_chroma,extra_inside,0.1570779025554657,0.10571986436843872
m3_chroma,note_dropped,0.18577389121055604,0.048375070095062256
m3_chroma,note_late150ms,0.03786357641220093,0.013473093509674072
m3_chroma,pitch+1st,0.16256744861602784,0.038659512996673584
m3_chroma,stretch+5%,0.00461387038230896,-0.018920540809631348
m3_chroma,stretch-5%,0.029725468158721922,0.0035933852195739746
m3_chroma_dtw,extra_after,0.06671969294548034,-0.00024271011352539062
m3_chroma_dtw,extra_inside,0.1521051824092865,0.09874475002288818
m3_chroma_dtw,note_dropped,0.14129547476768495,0.012103915214538574
m3_chroma_dtw,note_late150ms,0.008608698844909668,-0.010770678520202637
m3_chroma_dtw,pitch+1st,0.13510266542434693,0.031175076961517334
m3_chroma_dtw,stretch+5%,0.004803705215454102,-0.007361054420471191
m3_chroma_dtw,stretch-5%,-0.0002485334873199463,-0.012086570262908936
m4_cqt,extra_after,0.1680378258228302,0.144198477268219
m4_cqt,extra_inside,0.14862465858459473,0.09608691930770874
m4_cqt,note_dropped,0.17184619903564452,0.054609835147857666
m4_cqt,note_late150ms,0.042338001728057864,0.007146298885345459
m4_cqt,pitch+1st,0.10636141896247864,0.03381502628326416
m4_cqt,stretch+5%,0.005193972587585449,-0.02465367317199707
m4_cqt,stretch-5%,0.03154332637786865,-0.030925393104553223
m4_cqt_dtw,extra_after,0.06489436030387878,-5.960464477539062e-07
m4_cqt_dtw,extra_inside,0.13465651273727416,0.0771399736404419
m4_cqt_dtw,note_dropped,0.12906723618507385,-0.0074928998947143555
m4_cqt_dtw,note_late150ms,0.010024601221084594,-0.01624828577041626
m4_cqt_dtw,pitch+1st,0.0874984085559845,0.02989363670349121
m4_cqt_dtw,stretch+5%,0.005675166845321655,-0.04555070400238037
m4_cqt_dtw,stretch-5%,0.0016033113002777099,-0.06218141317367554
m5_cover,extra_after,0.10898230072397849,0.08518992530379077
m5_cover,extra_inside,0.18724431018882798,0.1085625165715024
m5_cover,note_dropped,0.14179632373154363,0.03299032938486657
m5_cover,note_late150ms,0.023910894079514865,0.006331521274595242
m5_cover,pitch+1st,0.25371580385798087,0.08824633869766096
m5_cover,stretch+5%,-0.0005970017544419503,-0.030486408142013977
m5_cover,stretch-5%,0.021907838420249313,-0.011374544417913857
m5_cover_strict,extra_after,0.10898230072397849,0.08518992530379077
m5_cover_strict,extra_inside,0.18724431018882798,0.1085625165715024
m5_cover_strict,note_dropped,0.14179632373154363,0.03299032938486657
m5_cover_strict,note_late150ms,0.023910894079514865,0.006331521274595242
m5_cover_strict,pitch+1st,0.25371580385798087,0.08824633869766096
m5_cover_strict,stretch+5%,-0.0005970017544419503,-0.030486408142013977
m5_cover_strict,stretch-5%,0.021907838420249313,-0.011374544417913857
