take,saved,dtw_precision,extras,thread_charged,thread_overall,v2_charged,v2_overall,audio_charged,audio_overall
2026-07-16-apple-jump-043d9b,0.9757662551440404,0.9013157894736842,3,1,0.8781896296296363,0,0.9757662551440404,0,0.9757662551440404
2026-07-16-apple-jump-11f497,0.821080452674892,0.8066666666666666,5,1,0.7389724074074029,0,0.821080452674892,0,0.821080452674892
2026-07-16-apple-jump-19f2db,0.5756488340192131,0.5726495726495726,4,2,0.47098540965208346,1,0.5180839506172918,1,0.5180839506172918
2026-07-16-apple-jump-40e0f2,0.9832763374485597,0.9395973154362416,3,0,0.9832763374485597,0,0.9832763374485597,0,0.9832763374485597
2026-07-16-apple-jump-4213c6,0.8331972565157788,0.832258064516129,3,0,0.8331972565157789,0,0.8331972565157789,0,0.8331972565157789
2026-07-16-apple-jump-50816e,0.990925651577501,0.9863013698630136,2,0,0.9909256515775011,0,0.9909256515775011,0,0.9909256515775011
2026-07-16-apple-jump-5377fb,0.9890578875171445,0.9536423841059604,3,0,0.9890578875171445,0,0.9890578875171445,0,0.9890578875171445
2026-07-16-apple-jump-98b4a6,0.718901028806582,0.6871165644171779,6,2,0.5881917508417489,1,0.6470109259259239,1,0.6470109259259239
2026-07-16-apple-jump-bd7043,0.9052384773662524,0.8903225806451613,2,0,0.9052384773662524,0,0.9052384773662524,0,0.9052384773662524
2026-07-16-apple-jump-c77bea,0.9256377914951931,0.9508196721311476,3,2,0.7573400112233398,2,0.7573400112233398,2,0.7573400112233398
2026-07-16-apple-jump-ec0bf3,0.9771386145404615,0.9612903225806452,2,0,0.9771386145404615,0,0.9771386145404615,0,0.9771386145404615
2026-07-16-apple-jump-fe3ccf,0.9061716049382649,0.8620689655172413,2,0,0.9061716049382649,0,0.9061716049382649,0,0.9061716049382649
2026-07-16-blue-monk-47cba6,0.8823252204585539,0.9285714285714286,0,0,0.8823252204585539,0,0.8823252204585539,0,0.8823252204585539
2026-07-16-chromatic-below-chord-tones-094043,0.9790243631606488,0.9545454545454546,0,0,0.9790243631606488,0,0.9790243631606488,0,0.9790243631606488
2026-07-16-chromatic-below-chord-tones-2e7bdf,0.9858715259026676,0.9578947368421052,0,0,0.9858715259026676,0,0.9858715259026676,0,0.9858715259026676
2026-07-16-chromatic-below-chord-tones-577a60,0.8143658845281685,0.9112426035502958,1,0,0.8143658845281685,0,0.8143658845281685,0,0.8143658845281685
2026-07-16-chromatic-below-chord-tones-a9c6f6,0.9794238691784415,0.9197860962566844,2,0,0.9794238691784415,0,0.9794238691784415,0,0.9794238691784415
2026-07-16-chromatic-below-chord-tones-ac344b,0.9828230050584333,0.9675675675675676,0,0,0.9828230050584333,0,0.9828230050584333,0,0.9828230050584333
2026-07-16-chromatic-below-chord-tones-f0576b,0.8934262236176498,0.8797814207650273,1,0,0.8934262236176498,0,0.8934262236176498,0,0.8934262236176498
2026-07-16-cry-me-a-river-1a3fd0,0.9860945205341428,0.8990825688073395,0,0,0.9860945205341428,0,0.9860945205341428,0,0.9860945205341428
2026-07-16-cry-me-a-river-1bc999,0.8558233153607108,0.6203703703703703,0,0,0.8558233153607108,0,0.8558233153607108,0,0.8558233153607108
2026-07-16-cry-me-a-river-24360d,0.7812314880322504,0.8018867924528302,0,0,0.7812314880322504,0,0.7812314880322504,0,0.7812314880322504
2026-07-16-cry-me-a-river-554b0c,0.9861627184009343,0.9134615384615384,0,0,0.9861627184009342,0,0.9861627184009342,0,0.9861627184009342
2026-07-16-cry-me-a-river-591a02,0.9802878656252647,0.9117647058823528,1,1,0.8402467419645127,0,0.9802878656252648,0,0.9802878656252648
2026-07-16-cry-me-a-river-716992,0.9803304892920082,0.8703703703703703,2,1,0.8402832765360069,0,0.9803304892920082,0,0.9803304892920082
2026-07-16-cry-me-a-river-7b9afe,0.8825386827916388,0.9385964912280702,1,0,0.8825386827916388,0,0.8825386827916388,0,0.8825386827916388
2026-07-16-cry-me-a-river-9d1983,0.8884802573276221,0.7676767676767676,0,0,0.8884802573276221,0,0.8884802573276221,0,0.8884802573276221
2026-07-16-cry-me-a-river-b5ea50,0.983930426807762,0.9252336448598132,0,0,0.983930426807762,0,0.983930426807762,0,0.983930426807762
2026-07-16-cry-me-a-river-c67418,0.9816128878810789,0.8867924528301887,0,0,0.981612887881079,0,0.981612887881079,0,0.981612887881079
2026-07-16-cry-me-a-river-c6ae3e,0.55078573074662,0.5048543689320388,1,1,0.47210205492567414,1,0.47210205492567414,1,0.47210205492567414
2026-07-16-cry-me-a-river-d7ee2a,0.9842754735869677,0.8785046728971962,0,0,0.9842754735869677,0,0.9842754735869677,0,0.9842754735869677
2026-07-16-eric-alexander-chord-tone-lick-101e38,0.44542885717435465,0.3777777777777777,0,0,0.44542885717435465,0,0.44542885717435465,0,0.44542885717435465
2026-07-16-eric-alexander-chord-tone-lick-103b96,0.620670492850844,0.5495495495495496,3,3,0.5226698887165001,0,0.620670492850844,0,0.620670492850844
2026-07-16-eric-alexander-chord-tone-lick-205a5c,0.9819167891156466,0.945945945945946,0,0,0.9819167891156465,0,0.9819167891156465,0,0.9819167891156465
2026-07-16-eric-alexander-chord-tone-lick-d75f62,0.9771613464978555,0.923694779116466,1,1,0.9196812672920993,0,0.9771613464978555,0,0.9771613464978555
2026-07-16-honeysuckle-rose-0dd4c0,0.9776240866717034,0.91,0,0,0.9776240866717033,0,0.9776240866717033,0,0.9776240866717033
2026-07-16-honeysuckle-rose-7ee04d,0.9802645502645517,0.9175257731958762,1,0,0.9802645502645517,0,0.9802645502645517,0,0.9802645502645517
2026-07-16-honeysuckle-rose-874f2d,0.9909876543209912,0.8333333333333334,0,0,0.9909876543209912,0,0.9909876543209912,0,0.9909876543209912
2026-07-16-honeysuckle-rose-994749,0.9892466616276218,0.9239130434782608,0,0,0.9892466616276218,0,0.9892466616276218,0,0.9892466616276218
2026-07-16-honeysuckle-rose-ac0c4a,0.9896875787351975,0.9090909090909092,1,0,0.9896875787351975,0,0.9896875787351975,0,0.9896875787351975
2026-07-16-honeysuckle-rose-aeb679,0.9862509448223702,0.9292929292929292,1,0,0.9862509448223702,0,0.9862509448223702,0,0.9862509448223702
2026-07-16-honeysuckle-rose-cd6206,0.9875434618291774,0.9117647058823528,0,0,0.9875434618291774,0,0.9875434618291774,0,0.9875434618291774
2026-07-16-honeysuckle-rose-d7e384,0.9823431594860219,0.9072164948453608,1,0,0.9823431594860219,0,0.9823431594860219,0,0.9823431594860219
2026-07-16-honeysuckle-rose-d8fbc3,0.9905064247921385,0.9405940594059404,0,0,0.9905064247921385,0,0.9905064247921385,0,0.9905064247921385
2026-07-16-honeysuckle-rose-ddcfae,0.9823708742756341,0.898989898989899,0,0,0.9823708742756341,0,0.9823708742756341,0,0.9823708742756341
2026-07-16-honeysuckle-rose-ea0991,0.9952355757117668,0.8804347826086957,1,0,0.9952355757117668,0,0.9952355757117668,0,0.9952355757117668
2026-07-16-honeysuckle-rose-f44759,0.9087855883093948,0.6923076923076923,3,2,0.6491325630781392,2,0.6491325630781392,0,0.9087855883093948
2026-07-16-sharp-9-flat-9-dom-2c140c,0.9685638471487368,0.9482758620689656,0,0,0.9685638471487368,0,0.9685638471487368,0,0.9685638471487368
2026-07-16-sharp-9-flat-9-dom-54f19b,0.8732166737213414,0.9453125,0,0,0.8732166737213414,0,0.8732166737213414,0,0.8732166737213414
2026-07-16-sharp-9-flat-9-dom-56ba37,0.7526605682931625,0.9421487603305784,2,0,0.7526605682931625,0,0.7526605682931625,0,0.7526605682931625
2026-07-16-sharp-9-flat-9-dom-7399a5,0.9669141069958842,0.912,0,0,0.9669141069958842,0,0.9669141069958842,0,0.9669141069958842
2026-07-16-sharp-9-flat-9-dom-831660,0.8737089178914386,0.984126984126984,0,0,0.8737089178914386,0,0.8737089178914386,0,0.8737089178914386
2026-07-16-sharp-9-flat-9-dom-8540c6,0.5763712263374442,0.8648648648648649,4,1,0.5187341037036999,0,0.5763712263374443,0,0.5763712263374443
2026-07-16-sharp-9-flat-9-dom-983318,0.9779511722516168,1.0,1,0,0.9779511722516168,0,0.9779511722516168,0,0.9779511722516168
2026-07-16-sharp-9-flat-9-dom-c8759e,0.983831850676073,1.0,0,0,0.983831850676073,0,0.983831850676073,0,0.983831850676073
2026-07-16-sharp-9-flat-9-dom-d82b89,0.9080862363315697,1.0,0,0,0.9080862363315697,0,0.9080862363315697,0,0.9080862363315697
2026-07-16-sharp-9-flat-9-dom-f6e95f,0.9847764871644128,0.900763358778626,1,0,0.9847764871644128,0,0.9847764871644128,0,0.9847764871644128
2026-07-16-sharp-9-flat-9-dom-fa2ff5,0.6546833834999016,0.9398496240601504,0,0,0.6546833834999016,0,0.6546833834999016,0,0.6546833834999016
2026-07-16-sharp-9-flat-9-dom-fed363,0.9792348657652382,0.944,0,0,0.9792348657652382,0,0.9792348657652382,0,0.9792348657652382
2026-07-16-wouldn-t-it-be-loverly-12f45a,0.887894935752078,1.0,0,0,0.887894935752078,0,0.887894935752078,0,0.887894935752078
2026-07-16-wouldn-t-it-be-loverly-3f488c,0.8848526077097533,1.0,2,0,0.8848526077097533,0,0.8848526077097533,0,0.8848526077097533
2026-07-16-wouldn-t-it-be-loverly-448927,0.8845502645502683,0.8012048192771084,2,1,0.8041366041366075,1,0.8041366041366075,1,0.8041366041366075
2026-07-16-wouldn-t-it-be-loverly-538d05,0.9851851851851848,0.8766233766233766,0,0,0.9851851851851848,0,0.9851851851851848,0,0.9851851851851848
2026-07-16-wouldn-t-it-be-loverly-63549f,0.9134139581758636,0.8910256410256411,1,0,0.9134139581758636,0,0.9134139581758636,0,0.9134139581758636
2026-07-16-wouldn-t-it-be-loverly-788d6e,0.9834479717813052,0.9473684210526316,0,0,0.9834479717813052,0,0.9834479717813052,0,0.9834479717813052
2026-07-16-wouldn-t-it-be-loverly-a0ec91,0.9848488284202568,0.9731543624161074,0,0,0.9848488284202568,0,0.9848488284202568,0,0.9848488284202568
2026-07-16-wouldn-t-it-be-loverly-c0edad,0.9257961703199804,0.9013157894736842,0,0,0.9257961703199804,0,0.9257961703199804,0,0.9257961703199804
2026-07-16-wouldn-t-it-be-loverly-c3ba50,0.9798034769463377,1.0,0,0,0.9798034769463377,0,0.9798034769463377,0,0.9798034769463377
2026-07-16-wouldn-t-it-be-loverly-c6530a,0.9856424792139091,0.9256756756756755,2,0,0.9856424792139091,0,0.9856424792139091,0,0.9856424792139091
2026-07-16-wouldn-t-it-be-loverly-e9ae70,0.9884542705971295,0.925,0,0,0.9884542705971296,0,0.9884542705971296,0,0.9884542705971296
2026-07-16-wouldn-t-it-be-loverly-edbca0,0.4669538926681802,0.422680412371134,0,0,0.4669538926681802,0,0.4669538926681802,0,0.4669538926681802
2026-10-06-apple-jump-160e9c,0.9824881946194128,1.0,5,0,0.9824881946194128,0,0.9824881946194128,0,0.9824881946194128
2026-10-06-apple-jump-1d4acd,0.9801577309145767,0.962406015037594,3,1,0.8821419578231191,0,0.9801577309145768,0,0.9801577309145768
2026-10-06-apple-jump-3176c5,0.9815156238627123,0.9217391304347826,5,1,0.8833640614764412,1,0.8833640614764412,1,0.8833640614764412
2026-10-06-apple-jump-3509b3,0.7717391114470471,0.9285714285714286,0,0,0.7717391114470471,0,0.7717391114470471,0,0.7717391114470471
2026-10-06-apple-jump-3717dd,0.9716001662887133,0.9426229508196722,4,0,0.9716001662887133,0,0.9716001662887133,0,0.9716001662887133
2026-10-06-apple-jump-467206,0.9647609417429541,0.9743589743589745,2,2,0.7893498614260535,1,0.8682848475686589,1,0.8682848475686589
2026-10-06-apple-jump-568744,0.842071554043857,0.7573529411764706,1,0,0.842071554043857,0,0.842071554043857,0,0.842071554043857
2026-10-06-apple-jump-60d5eb,0.9699083900226474,0.9508196721311476,2,0,0.9699083900226474,0,0.9699083900226474,0,0.9699083900226474
2026-10-06-apple-jump-642100,0.9816321934995735,0.9663865546218487,3,0,0.9816321934995735,0,0.9816321934995735,0,0.9816321934995735
2026-10-06-apple-jump-6bc44e,0.9876076929537241,0.9838709677419356,0,0,0.9876076929537241,0,0.9876076929537241,0,0.9876076929537241
2026-10-06-apple-jump-6e2295,0.9738248761232897,0.9689922480620154,2,0,0.9738248761232897,0,0.9738248761232897,0,0.9738248761232897
2026-10-06-apple-jump-78e1fd,0.4733318578986391,0.9243697478991596,2,2,0.3872715200988865,1,0.4259986721087752,0,0.4733318578986391
2026-10-06-apple-jump-8787ac,0.40099190325016837,0.6946564885496184,2,0,0.4009919032501683,0,0.4009919032501683,0,0.4009919032501683
2026-10-06-apple-jump-88f772,0.9831869432546709,0.9492753623188406,1,0,0.9831869432546709,0,0.9831869432546709,0,0.9831869432546709
2026-10-06-apple-jump-8ea76c,0.9114102404747901,0.8695652173913043,3,0,0.9114102404747901,0,0.9114102404747901,0,0.9114102404747901
2026-10-06-apple-jump-961f94,0.9455334845049351,0.9814814814814816,2,1,0.8509801360544417,0,0.9455334845049351,0,0.9455334845049351
2026-10-06-apple-jump-9b78ca,0.9757346434870255,0.9343065693430656,5,1,0.878161179138323,0,0.9757346434870255,0,0.9757346434870255
2026-10-06-apple-jump-a37338,0.9704568253968242,0.9655172413793104,1,0,0.9704568253968241,0,0.9704568253968241,0,0.9704568253968241
2026-10-06-apple-jump-a65f74,0.9834534867444904,0.9767441860465116,2,0,0.9834534867444904,0,0.9834534867444904,0,0.9834534867444904
2026-10-06-apple-jump-b78ac7,0.9153751655328296,0.8473282442748091,2,0,0.9153751655328296,0,0.9153751655328296,0,0.9153751655328296
2026-10-06-apple-jump-ce41bf,0.5854556927297663,0.5075757575757576,2,1,0.5269101234567897,0,0.5854556927297663,0,0.5854556927297663
2026-10-06-apple-jump-f59166,0.8764719800677466,0.9142857142857144,2,1,0.788824782060972,0,0.8764719800677466,0,0.8764719800677466
2026-10-06-art-pepper-stardust-116901,0.9772457814730797,0.9207920792079208,0,0,0.9772457814730797,0,0.9772457814730797,0,0.9772457814730797
2026-10-06-art-pepper-stardust-11a422,0.9772492886537373,0.981981981981982,2,0,0.9772492886537373,0,0.9772492886537373,0,0.9772492886537373
2026-10-06-art-pepper-stardust-3894fd,0.9713519594356477,0.9565217391304348,2,0,0.9713519594356477,0,0.9713519594356477,0,0.9713519594356477
2026-10-06-art-pepper-stardust-43ffae,0.7808967996136733,0.732824427480916,3,1,0.6693401139545769,1,0.6693401139545769,1,0.6693401139545769
2026-10-06-art-pepper-stardust-4cfc03,0.9887858274964305,0.991150442477876,0,0,0.9887858274964305,0,0.9887858274964305,0,0.9887858274964305
2026-10-06-art-pepper-stardust-4d4921,0.8720613460989319,0.6587301587301587,6,2,0.6540460095741989,2,0.6540460095741989,2,0.6540460095741989
2026-10-06-art-pepper-stardust-50ee81,0.9748194144620664,0.923728813559322,2,0,0.9748194144620664,0,0.9748194144620664,0,0.9748194144620664
2026-10-06-art-pepper-stardust-537534,0.7918950116738056,0.7899159663865546,2,0,0.7918950116738056,0,0.7918950116738056,0,0.7918950116738056
2026-10-06-art-pepper-stardust-552dd9,0.9612949653145147,0.8362068965517241,4,0,0.9612949653145147,0,0.9612949653145147,0,0.9612949653145147
2026-10-06-art-pepper-stardust-89d530,0.9842469847988584,0.9813084112149532,0,0,0.9842469847988584,0,0.9842469847988584,0,0.9842469847988584
2026-10-06-art-pepper-stardust-9bc215,0.9719923903585856,1.0,0,0,0.9719923903585856,0,0.9719923903585856,0,0.9719923903585856
2026-10-06-art-pepper-stardust-a1cb9a,0.9886983092298929,1.0,0,0,0.9886983092298929,0,0.9886983092298929,0,0.9886983092298929
2026-10-06-art-pepper-stardust-a5c1cf,0.9892748171663541,0.9903846153846154,0,0,0.9892748171663541,0,0.9892748171663541,0,0.9892748171663541
2026-10-06-art-pepper-stardust-bada94,0.9900819363399666,1.0,1,0,0.9900819363399666,0,0.9900819363399666,0,0.9900819363399666
2026-10-06-art-pepper-stardust-c01679,0.8032517907113133,0.8936170212765957,1,0,0.8032517907113133,0,0.8032517907113133,0,0.8032517907113133
2026-10-06-art-pepper-stardust-cc9d78,0.9797118347190723,0.9256198347107438,3,0,0.9797118347190723,0,0.9797118347190723,0,0.9797118347190723
2026-10-06-art-pepper-stardust-d470e8,0.9800805831863345,0.991150442477876,1,1,0.8400690713025725,0,0.9800805831863345,0,0.9800805831863345
2026-10-06-art-pepper-stardust-e2384e,0.9773744076593562,1.0,1,0,0.9773744076593562,0,0.9773744076593562,0,0.9773744076593562
2026-10-06-basis-of-everything-18b18b,0.9662245329878033,0.9545454545454546,0,0,0.9662245329878033,0,0.9662245329878033,0,0.9662245329878033
2026-10-06-basis-of-everything-18bc6e,0.9606228269085324,0.8,0,0,0.9606228269085325,0,0.9606228269085325,0,0.9606228269085325
2026-10-06-basis-of-everything-1ddd66,0.9563394665802849,0.9411764705882352,1,0,0.9563394665802849,0,0.9563394665802849,0,0.9563394665802849
2026-10-06-basis-of-everything-1f4c06,0.9819091674765145,0.9574468085106383,0,0,0.9819091674765145,0,0.9819091674765145,0,0.9819091674765145
2026-10-06-basis-of-everything-24fb6c,0.9697494439045395,0.7159090909090909,2,0,0.9697494439045395,0,0.9697494439045395,0,0.9697494439045395
2026-10-06-basis-of-everything-402702,0.9804426087895498,0.926829268292683,0,0,0.9804426087895498,0,0.9804426087895498,0,0.9804426087895498
2026-10-06-basis-of-everything-433b3b,0.27413713421880315,0.5333333333333333,2,1,0.2398699924414528,1,0.2398699924414528,1,0.2398699924414528
2026-10-06-basis-of-everything-591514,0.833139704135617,0.896551724137931,1,0,0.833139704135617,0,0.833139704135617,0,0.833139704135617
2026-10-06-basis-of-everything-705b0f,0.9627081308713914,0.9666666666666668,0,0,0.9627081308713914,0,0.9627081308713914,0,0.9627081308713914
2026-10-06-basis-of-everything-72f705,0.9730534499514127,0.9444444444444444,0,0,0.9730534499514127,0,0.9730534499514127,0,0.9730534499514127
2026-10-06-basis-of-everything-857de2,0.8138886729294885,0.8888888888888888,0,0,0.8138886729294885,0,0.8138886729294885,0,0.8138886729294885
2026-10-06-basis-of-everything-891f14,0.9717265954000717,0.7415730337078652,0,0,0.9717265954000717,0,0.9717265954000717,0,0.9717265954000717
2026-10-06-basis-of-everything-929df5,0.9721049562682118,0.8695652173913043,1,1,0.8505918367346853,0,0.9721049562682118,0,0.9721049562682118
2026-10-06-basis-of-everything-969870,0.9706515495087034,0.8045977011494253,0,0,0.9706515495087035,0,0.9706515495087035,0,0.9706515495087035
2026-10-06-basis-of-everything-a76ec2,0.8164152899254986,0.8404255319148937,1,0,0.8164152899254986,0,0.8164152899254986,0,0.8164152899254986
2026-10-06-basis-of-everything-b42a0c,0.9740112298887812,0.989010989010989,0,0,0.9740112298887813,0,0.9740112298887813,0,0.9740112298887813
2026-10-06-basis-of-everything-bd4543,0.7353374365619348,0.8804347826086957,0,0,0.7353374365619348,0,0.7353374365619348,0,0.7353374365619348
2026-10-06-basis-of-everything-ca34e4,0.9736857790735127,0.8764044943820225,0,0,0.9736857790735127,0,0.9736857790735127,0,0.9736857790735127
2026-10-06-basis-of-everything-cda9dc,0.9668407299427731,0.9893617021276596,1,0,0.9668407299427731,0,0.9668407299427731,0,0.9668407299427731
2026-10-06-basis-of-everything-d7517d,0.9615479321887529,0.9310344827586208,0,0,0.9615479321887529,0,0.9615479321887529,0,0.9615479321887529
2026-10-06-basis-of-everything-d9cca3,0.9676598855415138,0.6363636363636364,1,1,0.8467023998488247,0,0.9676598855415138,0,0.9676598855415138
2026-10-06-basis-of-everything-e60e64,0.9753639995680987,0.8837209302325582,0,0,0.9753639995680987,0,0.9753639995680987,0,0.9753639995680987
2026-10-06-basis-of-everything-e780ed,0.96954799697658,0.9540229885057472,0,0,0.96954799697658,0,0.96954799697658,0,0.96954799697658
2026-10-06-basis-of-everything-fb730a,0.9642854983263132,0.9285714285714286,0,0,0.9642854983263132,0,0.9642854983263132,0,0.9642854983263132
2026-10-06-blue-monk-01ee15,0.9841471403376242,0.9779735682819384,0,0,0.9841471403376242,0,0.9841471403376242,0,0.9841471403376242
2026-10-06-blue-monk-22eb55,0.9783339632149263,0.9836065573770492,1,0,0.9783339632149263,0,0.9783339632149263,0,0.9783339632149263
2026-10-06-blue-monk-2a81e7,0.9868764172335583,0.9710144927536232,0,0,0.9868764172335583,0,0.9868764172335583,0,0.9868764172335583
2026-10-06-blue-monk-2b5868,0.9822285296044346,0.8586387434554974,0,0,0.9822285296044345,0,0.9822285296044345,0,0.9822285296044345
2026-10-06-blue-monk-4d17bc,0.9622420826404643,0.9081081081081082,0,0,0.9622420826404643,0,0.9622420826404643,0,0.9622420826404643
2026-10-06-blue-monk-56a943,0.9006919853867474,0.961206896551724,2,0,0.9006919853867474,0,0.9006919853867474,0,0.9006919853867474
2026-10-06-blue-monk-5a06c1,0.9855219591836746,0.9411764705882352,0,0,0.9855219591836745,0,0.9855219591836745,0,0.9855219591836745
2026-10-06-blue-monk-861c71,0.9077815570672834,0.8914728682170543,1,0,0.9077815570672834,0,0.9077815570672834,0,0.9077815570672834
2026-10-06-blue-monk-8894ed,0.8885563114134507,0.8478260869565217,3,2,0.7108450491307606,1,0.7898278323675119,1,0.7898278323675119
2026-10-06-blue-monk-8a9bcc,0.9820110068027214,0.9759615384615384,0,0,0.9820110068027214,0,0.9820110068027214,0,0.9820110068027214
2026-10-06-blue-monk-93e204,0.9873378216175351,0.978494623655914,1,0,0.9873378216175351,0,0.9873378216175351,0,0.9873378216175351
2026-10-06-blue-monk-a0ada5,0.9922619596875805,0.9303482587064676,3,0,0.9922619596875805,0,0.9922619596875805,0,0.9922619596875805
2026-10-06-blue-monk-ab1a25,0.9830272668178375,0.9552238805970148,4,0,0.9830272668178375,0,0.9830272668178375,0,0.9830272668178375
2026-10-06-blue-monk-af564c,0.9522115142353262,0.84472049689441,3,0,0.9522115142353262,0,0.9522115142353262,0,0.9522115142353262
2026-10-06-blue-monk-b655f7,0.984808515999013,0.9658536585365852,3,0,0.984808515999013,0,0.984808515999013,0,0.984808515999013
2026-10-06-blue-monk-c29574,0.9721926177878569,0.8691099476439791,2,1,0.8641712158114284,0,0.9721926177878569,0,0.9721926177878569
2026-10-06-blue-monk-d0d94d,0.9847210335097003,0.9854368932038836,0,0,0.9847210335097003,0,0.9847210335097003,0,0.9847210335097003
2026-10-06-blue-monk-d5a938,0.9890035963718827,0.9791666666666666,0,0,0.9890035963718827,0,0.9890035963718827,0,0.9890035963718827
2026-10-06-blue-monk-d6de0d,0.9876864449483593,0.9432989690721648,2,1,0.8779435066207638,0,0.9876864449483593,0,0.9876864449483593
2026-10-06-blue-monk-e44708,0.9828489543965866,0.9722222222222222,0,0,0.9828489543965866,0,0.9828489543965866,0,0.9828489543965866
2026-10-06-blue-monk-ee6abf,0.5305347629125717,0.4551282051282051,1,0,0.5305347629125717,0,0.5305347629125717,0,0.5305347629125717
2026-10-06-blue-monk-f9fc2b,0.9835506424792144,0.9,1,0,0.9835506424792144,0,0.9835506424792144,0,0.9835506424792144
2026-10-06-chromatic-below-chord-tones-0231fe,0.9543051005291017,0.9606299212598424,3,2,0.8270644204585547,1,0.8861404504913086,1,0.8861404504913086
2026-10-06-chromatic-below-chord-tones-050f36,0.9729900681047328,0.917910447761194,1,0,0.9729900681047328,0,0.9729900681047328,0,0.9729900681047328
2026-10-06-chromatic-below-chord-tones-109dc8,0.9876205128205133,0.9485294117647058,6,2,0.8559377777777782,0,0.9876205128205133,0,0.9876205128205133
2026-10-06-chromatic-below-chord-tones-29b258,0.7713633037579705,0.8359375,0,0,0.7713633037579705,0,0.7713633037579705,0,0.7713633037579705
2026-10-06-chromatic-below-chord-tones-36ed7d,0.984336844390176,0.9375,1,0,0.984336844390176,0,0.984336844390176,0,0.984336844390176
2026-10-06-chromatic-below-chord-tones-47ac35,0.9162520624067312,0.936,2,0,0.9162520624067312,0,0.9162520624067312,0,0.9162520624067312
2026-10-06-chromatic-below-chord-tones-4fe32e,0.9925318681318681,0.9962825278810408,1,0,0.9925318681318681,0,0.9925318681318681,0,0.9925318681318681
2026-10-06-chromatic-below-chord-tones-5c01c4,0.9917010989010987,0.95985401459854,5,0,0.9917010989010987,0,0.9917010989010987,0,0.9917010989010987
2026-10-06-chromatic-below-chord-tones-62784a,0.9740780919820906,0.9629629629629628,1,0,0.9740780919820906,0,0.9740780919820906,0,0.9740780919820906
2026-10-06-chromatic-below-chord-tones-6a4cb0,0.9895272283272282,0.9840637450199204,1,0,0.9895272283272283,0,0.9895272283272283,0,0.9895272283272283
2026-10-06-chromatic-below-chord-tones-6ccc6b,0.9879721611721612,0.9962962962962963,3,0,0.9879721611721612,0,0.9879721611721612,0,0.9879721611721612
2026-10-06-chromatic-below-chord-tones-6ebd00,0.9570726099579441,0.723404255319149,2,1,0.8887102806752338,0,0.9570726099579441,0,0.9570726099579441
2026-10-06-chromatic-below-chord-tones-741792,0.9880688644688644,0.9962121212121212,1,0,0.9880688644688644,0,0.9880688644688644,0,0.9880688644688644
2026-10-06-chromatic-below-chord-tones-7fc10d,0.9815028104734764,0.9791666666666666,2,0,0.9815028104734765,0,0.9815028104734765,0,0.9815028104734765
2026-10-06-chromatic-below-chord-tones-82dea5,0.977670579297246,0.9785714285714284,0,0,0.977670579297246,0,0.977670579297246,0,0.977670579297246
2026-10-06-chromatic-below-chord-tones-833937,0.9905978021978022,0.9921875,0,0,0.9905978021978022,0,0.9905978021978022,0,0.9905978021978022
2026-10-06-chromatic-below-chord-tones-89e4ee,0.9840786324786326,0.9923076923076924,2,0,0.9840786324786326,0,0.9840786324786326,0,0.9840786324786326
2026-10-06-chromatic-below-chord-tones-8ddf31,0.8515424382037742,0.9854014598540146,0,0,0.8515424382037742,0,0.8515424382037742,0,0.8515424382037742
2026-10-06-chromatic-below-chord-tones-91d321,0.9865650793650798,0.9922178988326849,5,0,0.9865650793650798,0,0.9865650793650798,0,0.9865650793650798
2026-10-06-chromatic-below-chord-tones-9a0243,0.977198762718766,0.986013986013986,1,0,0.977198762718766,0,0.977198762718766,0,0.977198762718766
2026-10-06-chromatic-below-chord-tones-a2bf53,0.9847638583638583,0.968503937007874,3,0,0.9847638583638583,0,0.9847638583638583,0,0.9847638583638583
2026-10-06-chromatic-below-chord-tones-c0bde7,0.9878148962148965,0.684981684981685,1,0,0.9878148962148965,0,0.9878148962148965,0,0.9878148962148965
2026-10-06-chromatic-below-chord-tones-d96b52,0.9889308913308915,0.9814126394052044,2,0,0.9889308913308915,0,0.9889308913308915,0,0.9889308913308915
2026-10-06-chromatic-below-chord-tones-e97259,0.983512815086148,0.9310344827586208,0,0,0.9835128150861479,0,0.9835128150861479,0,0.9835128150861479
2026-10-06-cry-me-a-river-00014d,0.9928824126984148,0.9342105263157896,0,0,0.9928824126984148,0,0.9928824126984148,0,0.9928824126984148
2026-10-06-cry-me-a-river-0bb295,0.9835128512639626,0.9647058823529412,0,0,0.9835128512639626,0,0.9835128512639626,0,0.9835128512639626
2026-10-06-cry-me-a-river-0e5ade,0.9785287901234516,0.9529411764705882,0,0,0.9785287901234516,0,0.9785287901234516,0,0.9785287901234516
2026-10-06-cry-me-a-river-2599d6,0.9408629841269818,0.9125,0,0,0.9408629841269818,0,0.9408629841269818,0,0.9408629841269818
2026-10-06-cry-me-a-river-4ec2af,0.9762932063492017,0.8333333333333334,0,0,0.9762932063492016,0,0.9762932063492016,0,0.9762932063492016
2026-10-06-cry-me-a-river-5bfe25,0.9572652698412678,0.942528735632184,0,0,0.9572652698412678,0,0.9572652698412678,0,0.9572652698412678
2026-10-06-cry-me-a-river-784620,0.6251450743260262,0.7758620689655172,0,0,0.6251450743260262,0,0.6251450743260262,0,0.6251450743260262
2026-10-06-cry-me-a-river-825e07,0.971347438649536,0.8181818181818182,0,0,0.971347438649536,0,0.971347438649536,0,0.971347438649536
2026-10-06-cry-me-a-river-8533eb,0.7551451737633369,0.0483870967741935,3,2,0.5663588803225027,1,0.6472672917971458,1,0.6472672917971458
2026-10-06-cry-me-a-river-887298,0.8859575873015884,0.4819277108433735,0,0,0.8859575873015884,0,0.8859575873015884,0,0.8859575873015884
2026-10-06-cry-me-a-river-93ae59,0.8633977996136784,0.8947368421052632,2,1,0.7400552568117242,0,0.8633977996136784,0,0.8633977996136784
2026-10-06-cry-me-a-river-9f811f,0.9806858412698436,0.8846153846153846,0,0,0.9806858412698436,0,0.9806858412698436,0,0.9806858412698436
2026-10-06-cry-me-a-river-ae43e5,0.9874996825396858,0.9493670886075948,0,0,0.9874996825396858,0,0.9874996825396858,0,0.9874996825396858
2026-10-06-cry-me-a-river-b0af7d,0.9850784761904783,0.8648648648648649,0,0,0.9850784761904783,0,0.9850784761904783,0,0.9850784761904783
2026-10-06-cry-me-a-river-b435af,0.8768639543125925,0.8021978021978022,2,2,0.6576479657344444,1,0.7515976751250792,1,0.7515976751250792
2026-10-06-cry-me-a-river-bd1115,0.9886212063492021,0.825,2,1,0.8473896054421732,1,0.8473896054421732,0,0.9886212063492021
2026-10-06-cry-me-a-river-c337a2,0.9876339847148723,0.8493150684931506,1,0,0.9876339847148723,0,0.9876339847148723,0,0.9876339847148723
2026-10-06-cry-me-a-river-c828e8,0.8680599365079362,0.8148148148148148,1,0,0.8680599365079362,0,0.8680599365079362,0,0.8680599365079362
2026-10-06-cry-me-a-river-cd285e,0.9616666666666678,0.8928571428571429,0,0,0.9616666666666678,0,0.9616666666666678,0,0.9616666666666678
2026-10-06-cry-me-a-river-d55a12,0.8642398078441202,0.936842105263158,0,0,0.8642398078441202,0,0.8642398078441202,0,0.8642398078441202
2026-10-06-cry-me-a-river-eb10e8,0.9716447938187631,0.8831168831168831,1,0,0.9716447938187631,0,0.9716447938187631,0,0.9716447938187631
2026-10-06-cry-me-a-river-f3c754,0.9706697975980584,0.8888888888888888,0,0,0.9706697975980584,0,0.9706697975980584,0,0.9706697975980584
2026-10-06-cry-me-a-river-f95a01,0.9710506666666644,0.7790697674418605,1,0,0.9710506666666644,0,0.9710506666666644,0,0.9710506666666644
2026-10-06-cry-me-a-river-fe64e1,0.9835987704711542,0.9565217391304348,0,0,0.9835987704711542,0,0.9835987704711542,0,0.9835987704711542
2026-10-06-dexter-gordon-go-chromatic-22a9b7,0.8902822689174186,0.9324894514767932,0,0,0.8902822689174186,0,0.8902822689174186,0,0.8902822689174186
2026-10-06-dexter-gordon-go-chromatic-28f7df,0.9915110264550265,0.9722222222222222,0,0,0.9915110264550266,0,0.9915110264550266,0,0.9915110264550266
2026-10-06-dexter-gordon-go-chromatic-34d262,0.9395154809775751,0.8866396761133604,2,0,0.9395154809775751,0,0.9395154809775751,0,0.9395154809775751
2026-10-06-dexter-gordon-go-chromatic-3a1999,0.5712869404551955,0.7276422764227642,0,0,0.5712869404551955,0,0.5712869404551955,0,0.5712869404551955
2026-10-06-dexter-gordon-go-chromatic-3be585,0.8770422050894434,0.7625,1,1,0.8095774200825633,0,0.8770422050894435,0,0.8770422050894435
2026-10-06-dexter-gordon-go-chromatic-404deb,0.9658443554211815,0.8858267716535433,2,2,0.8278665903610127,2,0.8278665903610127,2,0.8278665903610127
2026-10-06-dexter-gordon-go-chromatic-471767,0.916635525321242,0.8467432950191571,3,1,0.8461251002965311,1,0.8461251002965311,1,0.8461251002965311
2026-10-06-dexter-gordon-go-chromatic-5283aa,0.9917267298227938,0.9554655870445344,0,0,0.9917267298227938,0,0.9917267298227938,0,0.9917267298227938
2026-10-06-dexter-gordon-go-chromatic-5e3ce6,0.9887485273368506,0.983739837398374,1,0,0.9887485273368506,0,0.9887485273368506,0,0.9887485273368506
2026-10-06-dexter-gordon-go-chromatic-681aee,0.9087553083060393,0.8816326530612245,1,1,0.8388510538209595,0,0.9087553083060393,0,0.9087553083060393
2026-10-06-dexter-gordon-go-chromatic-7331af,0.9892530582010572,0.936,1,0,0.9892530582010572,0,0.9892530582010572,0,0.9892530582010572
2026-10-06-dexter-gordon-go-chromatic-75541b,0.9706872587133598,0.91699604743083,4,2,0.8320176503257369,1,0.8960190080431014,1,0.8960190080431014
2026-10-06-dexter-gordon-go-chromatic-81dde0,0.99156885596708,0.9586776859504132,1,0,0.99156885596708,0,0.99156885596708,0,0.99156885596708
2026-10-06-dexter-gordon-go-chromatic-8db1af,0.989695505500966,0.9159663865546218,1,0,0.989695505500966,0,0.989695505500966,0,0.989695505500966
2026-10-06-dexter-gordon-go-chromatic-9124f2,0.9173162852103767,0.8414634146341463,1,1,0.8467534940403478,0,0.9173162852103767,0,0.9173162852103767
2026-10-06-dexter-gordon-go-chromatic-920070,0.7677182968002036,0.7355371900826446,3,3,0.614174637440163,1,0.7086630432001881,1,0.7086630432001881
2026-10-06-dexter-gordon-go-chromatic-a254f2,0.8843058051146417,0.8571428571428571,0,0,0.8843058051146419,0,0.8843058051146419,0,0.8843058051146419
2026-10-06-dexter-gordon-go-chromatic-a5c677,0.9232868719240823,0.8847736625514403,4,2,0.7913887473634992,1,0.852264804852999,1,0.852264804852999
2026-10-06-dexter-gordon-go-chromatic-aa1107,0.991486527252877,0.967741935483871,2,0,0.991486527252877,0,0.991486527252877,0,0.991486527252877
2026-10-06-dexter-gordon-go-chromatic-af7294,0.8878025094482473,0.8458498023715415,0,0,0.8878025094482472,0,0.8878025094482472,0,0.8878025094482472
2026-10-06-dexter-gordon-go-chromatic-affb28,0.9286985425800174,0.7695473251028807,2,1,0.8572601931507854,1,0.8572601931507854,1,0.8572601931507854
2026-10-06-dexter-gordon-go-chromatic-b32550,0.9897811989585937,0.9508196721311476,1,0,0.9897811989585937,0,0.9897811989585937,0,0.9897811989585937
2026-10-06-dexter-gordon-go-chromatic-bbbcae,0.9905453854035597,0.9838056680161944,0,0,0.9905453854035597,0,0.9905453854035597,0,0.9905453854035597
2026-10-06-dexter-gordon-go-chromatic-c0ee01,0.9901357628285833,0.9375,1,0,0.9901357628285833,0,0.9901357628285833,0,0.9901357628285833
2026-10-06-dexter-gordon-go-chromatic-c56d4e,0.9376348366507066,0.8451327433628318,0,0,0.9376348366507067,0,0.9376348366507067,0,0.9376348366507067
2026-10-06-dexter-gordon-go-chromatic-e077de,0.9813904291593195,0.9393939393939394,2,0,0.9813904291593195,0,0.9813904291593195,0,0.9813904291593195
2026-10-06-dexter-gordon-go-chromatic-e1e1ad,0.9887412795834496,0.9838709677419356,1,0,0.9887412795834496,0,0.9887412795834496,0,0.9887412795834496
2026-10-06-dexter-gordon-go-chromatic-f8738e,0.8747270788611725,0.89453125,3,1,0.8074403804872362,1,0.8074403804872362,1,0.8074403804872362
2026-10-06-dexter-gordon-go-chromatic-fc98cb,0.8831871161501665,0.8078602620087336,3,1,0.8152496456770768,0,0.8831871161501665,0,0.8831871161501665
2026-10-06-dexter-gordon-go-chromatic-ff4a08,0.8876162230620628,0.8801652892561983,1,0,0.8876162230620628,0,0.8876162230620628,0,0.8876162230620628
2026-10-06-do-nothing-till-you-hear-from-me-b4ed09,0.9720413679653683,0.9539748953974896,2,0,0.9720413679653683,0,0.9720413679653683,0,0.9720413679653683
2026-10-06-do-nothing-till-you-hear-from-me-f88ef9,0.8179024069264069,0.57421875,2,1,0.749743873015873,1,0.749743873015873,1,0.749743873015873
2026-10-06-eric-alexander-chord-tone-lick-089e1d,0.8060797067586304,0.5678571428571428,5,2,0.7165152948965604,2,0.7165152948965604,2,0.7165152948965604
2026-10-06-eric-alexander-chord-tone-lick-0a3730,0.9903351191106087,0.9439252336448598,4,0,0.9903351191106087,0,0.9903351191106087,0,0.9903351191106087
2026-10-06-eric-alexander-chord-tone-lick-0f039e,0.9903745205341412,0.9878419452887538,3,0,0.9903745205341412,0,0.9903745205341412,0,0.9903745205341412
2026-10-06-eric-alexander-chord-tone-lick-2ed86f,0.8266254905517756,0.7558139534883721,3,1,0.7780004616957888,1,0.7780004616957888,1,0.7780004616957888
2026-10-06-eric-alexander-chord-tone-lick-366cde,0.9473149387755113,0.9900662251655628,3,0,0.9473149387755113,0,0.9473149387755113,0,0.9473149387755113
2026-10-06-eric-alexander-chord-tone-lick-66cc88,0.8523110204396565,0.703125,3,2,0.7576097959463612,2,0.7576097959463612,2,0.7576097959463612
2026-10-06-eric-alexander-chord-tone-lick-686d3e,0.9870164081632691,0.9545454545454546,2,0,0.9870164081632691,0,0.9870164081632691,0,0.9870164081632691
2026-10-06-eric-alexander-chord-tone-lick-a09748,0.866423279415468,0.8108108108108109,1,0,0.8664232794154679,0,0.8664232794154679,0,0.8664232794154679
2026-10-06-eric-alexander-chord-tone-lick-a289f0,0.9886232371819086,0.9008746355685132,1,0,0.9886232371819086,0,0.9886232371819086,0,0.9886232371819086
2026-10-06-eric-alexander-chord-tone-lick-ac704e,0.9900806883345887,0.9697885196374624,1,0,0.9900806883345887,0,0.9900806883345887,0,0.9900806883345887
2026-10-06-eric-alexander-chord-tone-lick-ad37de,0.9906305507999469,0.9705882352941176,3,0,0.9906305507999469,0,0.9906305507999469,0,0.9906305507999469
2026-10-06-eric-alexander-chord-tone-lick-e26f99,0.9661901295036515,0.8611111111111112,6,2,0.8588356706699124,1,0.9093554160034367,1,0.9093554160034367
2026-10-06-fats-navarro-wail-02c61b,0.7252035873015836,0.6116751269035533,8,5,0.5525360665154923,5,0.5525360665154923,5,0.5525360665154923
2026-10-06-fats-navarro-wail-056331,0.9528124212648024,0.9246861924686192,3,0,0.9528124212648024,0,0.9528124212648024,0,0.9528124212648024
2026-10-06-fats-navarro-wail-08be9b,0.9875775888132989,0.9298701298701298,5,0,0.9875775888132988,0,0.9875775888132988,0,0.9875775888132988
2026-10-06-fats-navarro-wail-0b2469,0.9874651433610411,0.9681697612732096,1,0,0.9874651433610411,0,0.9874651433610411,0,0.9874651433610411
2026-10-06-fats-navarro-wail-107cd9,0.592393082640463,0.5761124121779859,9,5,0.45134711058320987,5,0.45134711058320987,5,0.45134711058320987
2026-10-06-fats-navarro-wail-1b346f,0.8656847959183677,0.8654708520179372,12,3,0.7289977228786254,2,0.7694975963718824,1,0.814762160864346
2026-10-06-fats-navarro-wail-1cce75,0.98746569412951,0.9432989690721648,1,0,0.9874656941295099,0,0.9874656941295099,0,0.9874656941295099
2026-10-06-fats-navarro-wail-24af3e,0.15438649533887458,0.3219178082191781,0,0,0.15438649533887458,0,0.15438649533887458,0,0.15438649533887458
2026-10-06-fats-navarro-wail-29dea6,0.5215863567649272,0.4061135371179039,10,6,0.37933553219267424,6,0.37933553219267424,5,0.397399128963754
2026-10-06-fats-navarro-wail-2e0ca1,0.6430684681279932,0.3791666666666666,10,2,0.5716164161137718,2,0.5716164161137718,2,0.5716164161137718
2026-10-06-fats-navarro-wail-304f2e,0.9514468379944604,0.9323144104803494,1,0,0.9514468379944604,0,0.9514468379944604,0,0.9514468379944604
2026-10-06-fats-navarro-wail-388530,0.9569900595238028,0.9014084507042254,4,1,0.9006965266106379,1,0.9006965266106379,1,0.9006965266106379
2026-10-06-fats-navarro-wail-3c5b7f,0.9849301929957122,0.9799498746867168,3,0,0.9849301929957122,0,0.9849301929957122,0,0.9849301929957122
2026-10-06-fats-navarro-wail-3db3e5,0.9835075459813557,0.922279792746114,3,0,0.9835075459813557,0,0.9835075459813557,0,0.9835075459813557
2026-10-06-fats-navarro-wail-3e6ec4,0.98728077752583,0.9865591397849462,2,0,0.98728077752583,0,0.98728077752583,0,0.98728077752583
2026-10-06-fats-navarro-wail-401d61,0.971046109347439,0.95,1,0,0.971046109347439,0,0.971046109347439,0,0.971046109347439
2026-10-06-fats-navarro-wail-41d1d3,0.9695552562358267,0.9292682926829268,5,1,0.9125225941043075,0,0.9695552562358267,0,0.9695552562358267
2026-10-06-fats-navarro-wail-43204c,0.9893994149659877,0.9641255605381166,2,0,0.9893994149659877,0,0.9893994149659877,0,0.9893994149659877
2026-10-06-fats-navarro-wail-48b97f,0.9827698903061212,0.9904534606205252,2,0,0.982769890306121,0,0.982769890306121,0,0.982769890306121
2026-10-06-fats-navarro-wail-48d5e4,0.9894167319224004,0.9699074074074074,8,0,0.9894167319224005,0,0.9894167319224005,0,0.9894167319224005
2026-10-06-fats-navarro-wail-49d424,0.6783396321491562,0.5339366515837104,5,2,0.6029685619103611,2,0.6029685619103611,2,0.6029685619103611
2026-10-06-fats-navarro-wail-4c7d0c,0.7844315389581762,0.6895734597156398,8,3,0.6605739275437273,3,0.6605739275437273,3,0.6605739275437273
2026-10-06-fats-navarro-wail-4eca66,0.643538989669942,0.5531914893617021,7,5,0.4903154207009082,5,0.4903154207009082,5,0.4903154207009082
2026-10-06-fats-navarro-wail-53d686,0.9826734744268095,0.9445843828715366,2,0,0.9826734744268095,0,0.9826734744268095,0,0.9826734744268095
2026-10-06-fats-navarro-wail-5742ea,0.9874333333333236,0.9925187032418952,0,0,0.9874333333333236,0,0.9874333333333236,0,0.9874333333333236
2026-10-06-fats-navarro-wail-5ae668,0.9800277147896199,0.9601873536299764,1,0,0.9800277147896199,0,0.9800277147896199,0,0.9800277147896199
2026-10-06-fats-navarro-wail-603ec6,0.7609087346938728,0.5657276995305164,6,2,0.6763633197278869,1,0.7161493973589392,1,0.7161493973589392
2026-10-06-fats-navarro-wail-6193df,0.877630070546734,0.6438631790744467,14,6,0.6382764149430792,6,0.6382764149430792,6,0.6382764149430792
2026-10-06-fats-navarro-wail-650af6,0.8545773494583069,0.6043956043956044,6,4,0.6836618795666454,4,0.6836618795666454,4,0.6836618795666454
2026-10-06-fats-navarro-wail-68273c,0.900440079365074,0.9186351706036744,0,0,0.900440079365074,0,0.900440079365074,0,0.900440079365074
2026-10-06-fats-navarro-wail-6bb777,0.9853635338876259,0.983957219251337,4,0,0.9853635338876259,0,0.9853635338876259,0,0.9853635338876259
2026-10-06-fats-navarro-wail-7c6464,0.7168332703451754,0.6407766990291263,12,4,0.5734666162761405,4,0.5734666162761405,4,0.5734666162761405
2026-10-06-fats-navarro-wail-7e5c0a,0.9871586267006778,0.9853300733496332,2,0,0.9871586267006778,0,0.9871586267006778,0,0.9871586267006778
2026-10-06-fats-navarro-wail-83e243,0.9904938271604908,0.9685393258426966,1,0,0.9904938271604908,0,0.9904938271604908,0,0.9904938271604908
2026-10-06-fats-navarro-wail-89392a,0.9821805555555578,0.9888579387186628,3,0,0.9821805555555578,0,0.9821805555555578,0,0.9821805555555578
2026-10-06-fats-navarro-wail-8da30f,0.9443980158730172,0.9361702127659576,4,1,0.8888451914098986,1,0.8888451914098986,1,0.8888451914098986
2026-10-06-fats-navarro-wail-993f67,0.9470969939531378,0.8773148148148148,6,1,0.8913854060735416,1,0.8913854060735416,1,0.8913854060735416
2026-10-06-fats-navarro-wail-9d88ba,0.6528492693373644,0.532,9,2,0.5803104616332129,2,0.5803104616332129,2,0.5803104616332129
2026-10-06-fats-navarro-wail-a08912,0.9876527462836996,0.963963963963964,2,0,0.9876527462836997,0,0.9876527462836997,0,0.9876527462836997
2026-10-06-fats-navarro-wail-a3d8e3,0.9339169186192942,0.8004694835680751,6,1,0.8789806292887474,0,0.9339169186192942,0,0.9339169186192942
2026-10-06-fats-navarro-wail-a8ae29,0.5033264046359291,0.325,5,4,0.4026611237087433,4,0.4026611237087433,3,0.42385381443025605
2026-10-06-fats-navarro-wail-b3b471,0.9855658306878261,0.9707317073170731,2,0,0.9855658306878261,0,0.9855658306878261,0,0.9855658306878261
2026-10-06-fats-navarro-wail-b437d8,0.983205387755103,0.9395348837209302,4,1,0.9253697767106852,1,0.9253697767106852,1,0.9253697767106852
2026-10-06-fats-navarro-wail-b4ccaa,0.9921284755290989,0.973170731707317,2,0,0.9921284755290989,0,0.9921284755290989,0,0.9921284755290989
2026-10-06-fats-navarro-wail-b749e4,0.8493873247669372,0.895774647887324,1,0,0.8493873247669372,0,0.8493873247669372,0,0.8493873247669372
2026-10-06-fats-navarro-wail-bbae9d,0.5483856135046654,0.2818991097922849,5,5,0.4178176102892689,4,0.43870849080373236,2,0.4874538786708138
2026-10-06-fats-navarro-wail-bce439,0.9886661864449438,0.9484536082474226,2,0,0.9886661864449438,0,0.9886661864449438,0,0.9886661864449438
2026-10-06-fats-navarro-wail-beba69,0.9931141345427056,0.9645390070921984,2,0,0.9931141345427057,0,0.9931141345427057,0,0.9931141345427057
2026-10-06-fats-navarro-wail-bff02f,0.9787357755101994,0.9562043795620438,5,0,0.9787357755101995,0,0.9787357755101995,0,0.9787357755101995
2026-10-06-fats-navarro-wail-d3b63e,0.9834536190476323,0.9825581395348836,0,0,0.9834536190476323,0,0.9834536190476323,0,0.9834536190476323
2026-10-06-fats-navarro-wail-d87e90,0.8811560408163273,0.875,3,2,0.7832498140589575,2,0.7832498140589575,2,0.7832498140589575
2026-10-06-fats-navarro-wail-d9814a,0.987167078042327,0.9344262295081968,3,1,0.9290984263927783,1,0.9290984263927783,1,0.9290984263927783
2026-10-06-fats-navarro-wail-ec1a64,0.9866890294784573,0.9648711943793912,2,0,0.9866890294784573,0,0.9866890294784573,0,0.9866890294784573
2026-10-06-fats-navarro-wail-f0f910,0.6484728521038057,0.4319526627218935,9,1,0.6103273902153465,1,0.6103273902153465,1,0.6103273902153465
2026-10-06-fats-navarro-wail-f11d49,0.9770228485764713,0.951219512195122,4,0,0.9770228485764713,0,0.9770228485764713,0,0.9770228485764713
2026-10-06-fats-navarro-wail-f14f56,0.9003911564625838,0.882903981264637,5,2,0.8003476946334078,2,0.8003476946334078,2,0.8003476946334078
2026-10-06-honeysuckle-rose-0582b2,0.9502657596372178,0.875,0,0,0.9502657596372178,0,0.9502657596372178,0,0.9502657596372178
2026-10-06-honeysuckle-rose-073853,0.9416888888889248,0.9166666666666666,0,0,0.9416888888889248,0,0.9416888888889248,0,0.9416888888889248
2026-10-06-honeysuckle-rose-36acc4,0.9740226757369788,0.8813559322033898,0,0,0.9740226757369788,0,0.9740226757369788,0,0.9740226757369788
2026-10-06-honeysuckle-rose-375b9b,0.982120634920625,0.8113207547169812,0,0,0.982120634920625,0,0.982120634920625,0,0.982120634920625
2026-10-06-honeysuckle-rose-60cca3,0.9505560090702784,0.8771929824561403,0,0,0.9505560090702784,0,0.9505560090702784,0,0.9505560090702784
2026-10-06-honeysuckle-rose-700435,0.9638566893424463,0.8571428571428571,0,0,0.9638566893424463,0,0.9638566893424463,0,0.9638566893424463
2026-10-06-honeysuckle-rose-80bea5,0.9521591836734783,0.9344262295081968,0,0,0.9521591836734783,0,0.9521591836734783,0,0.9521591836734783
2026-10-06-honeysuckle-rose-a052b6,0.9641469387755068,0.8412698412698413,0,0,0.9641469387755068,0,0.9641469387755068,0,0.9641469387755068
2026-10-06-honeysuckle-rose-a31350,0.9794721088435426,0.953125,0,0,0.9794721088435426,0,0.9794721088435426,0,0.9794721088435426
2026-10-06-honeysuckle-rose-ac61f5,0.9740594104308429,0.8928571428571429,0,0,0.9740594104308429,0,0.9740594104308429,0,0.9740594104308429
2026-10-06-honeysuckle-rose-c154ae,0.9642412698412499,0.8571428571428571,0,0,0.9642412698412499,0,0.9642412698412499,0,0.9642412698412499
2026-10-06-honeysuckle-rose-ce2fc5,0.9646766439909534,0.8709677419354839,1,0,0.9646766439909534,0,0.9646766439909534,0,0.9646766439909534
2026-10-06-sharp-9-flat-9-dom-138d71,0.9785105285966482,0.9587628865979382,0,0,0.9785105285966482,0,0.9785105285966482,0,0.9785105285966482
2026-10-06-sharp-9-flat-9-dom-26c019,0.973386465104561,0.9081632653061223,0,0,0.973386465104561,0,0.973386465104561,0,0.973386465104561
2026-10-06-sharp-9-flat-9-dom-440464,0.9624423038548773,0.9906542056074766,1,0,0.9624423038548773,0,0.9624423038548773,0,0.9624423038548773
2026-10-06-sharp-9-flat-9-dom-46fb7c,0.9741333333333334,1.0,0,0,0.9741333333333334,0,0.9741333333333334,0,0.9741333333333334
2026-10-06-sharp-9-flat-9-dom-54da59,0.9798517631645516,0.9727272727272728,0,0,0.9798517631645515,0,0.9798517631645515,0,0.9798517631645515
2026-10-06-sharp-9-flat-9-dom-55e616,0.9741053257748253,0.926605504587156,1,0,0.9741053257748253,0,0.9741053257748253,0,0.9741053257748253
2026-10-06-sharp-9-flat-9-dom-5c7c40,0.9721695782313097,0.9603960396039604,0,0,0.9721695782313097,0,0.9721695782313097,0,0.9721695782313097
2026-10-06-sharp-9-flat-9-dom-616be6,0.8151593489544152,0.7252747252747253,4,1,0.7336434140589736,1,0.7336434140589736,1,0.7336434140589736
2026-10-06-sharp-9-flat-9-dom-71d847,0.9730359551524257,0.9629629629629628,0,0,0.9730359551524257,0,0.9730359551524257,0,0.9730359551524257
2026-10-06-sharp-9-flat-9-dom-79d107,0.9846074759385324,1.0,0,0,0.9846074759385324,0,0.9846074759385324,0,0.9846074759385324
2026-10-06-sharp-9-flat-9-dom-8271d6,0.6440711997984145,0.6162790697674418,2,1,0.579664079818573,1,0.579664079818573,1,0.579664079818573
2026-10-06-sharp-9-flat-9-dom-92bff3,0.9740418321995437,0.8229166666666666,1,0,0.9740418321995437,0,0.9740418321995437,0,0.9740418321995437
2026-10-06-sharp-9-flat-9-dom-94f90d,0.9879711201813692,1.0,2,0,0.9879711201813692,0,0.9879711201813692,0,0.9879711201813692
2026-10-06-sharp-9-flat-9-dom-a7fe06,0.979226896447489,0.9818181818181818,0,0,0.979226896447489,0,0.979226896447489,0,0.979226896447489
2026-10-06-sharp-9-flat-9-dom-a84932,0.980649465356513,1.0,0,0,0.980649465356513,0,0.980649465356513,0,0.980649465356513
2026-10-06-sharp-9-flat-9-dom-ae0395,0.9721772522045892,0.9716981132075472,0,0,0.9721772522045892,0,0.9721772522045892,0,0.9721772522045892
2026-10-06-sharp-9-flat-9-dom-b71428,0.9776213252708511,1.0,1,0,0.9776213252708511,0,0.9776213252708511,0,0.9776213252708511
2026-10-06-sharp-9-flat-9-dom-c36a96,0.9913091030486288,1.0,1,0,0.9913091030486288,0,0.9913091030486288,0,0.9913091030486288
2026-10-06-sharp-9-flat-9-dom-c93983,0.9769456245905765,0.7105263157894737,1,0,0.9769456245905765,0,0.9769456245905765,0,0.9769456245905765
2026-10-06-sharp-9-flat-9-dom-d142a6,0.8052238997228494,1.0,1,1,0.7247015097505645,0,0.8052238997228495,0,0.8052238997228495
2026-10-06-sharp-9-flat-9-dom-dd82a8,0.9861520463592837,0.9316239316239316,1,0,0.9861520463592837,0,0.9861520463592837,0,0.9861520463592837
2026-10-06-sharp-9-flat-9-dom-e0bec0,0.6022647533384302,0.9509803921568628,4,1,0.5420382780045873,1,0.5420382780045873,1,0.5420382780045873
2026-10-06-sharp-9-flat-9-dom-e45b07,0.961103415469899,0.9252336448598132,1,1,0.8649930739229091,0,0.961103415469899,0,0.961103415469899
2026-10-06-sharp-9-flat-9-dom-f099b5,0.9772123073822245,0.9423076923076924,1,0,0.9772123073822245,0,0.9772123073822245,0,0.9772123073822245
2026-10-06-sonny-stitt-indiana-3090a9,0.5196926177878556,0.4615384615384615,14,3,0.45732950365331304,3,0.45732950365331304,1,0.49709728657968805
2026-10-06-sonny-stitt-indiana-850b0c,0.9271687395496919,0.8493870402802102,7,1,0.8868570552214443,1,0.8868570552214443,1,0.8868570552214443
2026-10-06-sonny-stitt-indiana-9d36a0,0.7039146567717985,0.6164122137404581,5,2,0.6452551020408154,2,0.6452551020408154,2,0.6452551020408154
2026-10-06-wouldn-t-it-be-loverly-0f69d3,0.9031088435374162,0.92,0,0,0.9031088435374162,0,0.9031088435374162,0,0.9031088435374162
2026-10-06-wouldn-t-it-be-loverly-265fb1,0.9706485260770981,1.0,0,0,0.9706485260770981,0,0.9706485260770981,0,0.9706485260770981
2026-10-06-wouldn-t-it-be-loverly-5b7def,0.8920294784580509,0.8627450980392157,3,0,0.8920294784580509,0,0.8920294784580509,0,0.8920294784580509
2026-10-06-wouldn-t-it-be-loverly-6c1f1e,0.9515510204081642,0.9528301886792452,0,0,0.9515510204081642,0,0.9515510204081642,0,0.9515510204081642
2026-10-06-wouldn-t-it-be-loverly-8d7073,0.8088231292517009,0.8613861386138614,0,0,0.8088231292517007,0,0.8088231292517007,0,0.8088231292517007
2026-10-06-wouldn-t-it-be-loverly-8f88d4,0.9628049886621315,0.9047619047619048,2,0,0.9628049886621315,0,0.9628049886621315,0,0.9628049886621315
2026-10-06-wouldn-t-it-be-loverly-affbd8,0.9813877551020416,0.6634615384615384,4,2,0.8178231292517013,2,0.8178231292517013,0,0.9813877551020416
2026-10-06-wouldn-t-it-be-loverly-c49eeb,0.9815328798185938,1.0,0,0,0.9815328798185938,0,0.9815328798185938,0,0.9815328798185938
2026-10-06-wouldn-t-it-be-loverly-d44657,0.869784580498866,0.9047619047619048,1,0,0.869784580498866,0,0.869784580498866,0,0.869784580498866
2026-10-06-wouldn-t-it-be-loverly-def5f0,0.9118458049886626,0.9223300970873788,1,0,0.9118458049886626,0,0.9118458049886626,0,0.9118458049886626
2026-10-06-wouldn-t-it-be-loverly-ede737,0.8753287981859394,1.0,0,0,0.8753287981859394,0,0.8753287981859394,0,0.8753287981859394
2026-10-06-wouldn-t-it-be-loverly-fee8af,0.9650975056689339,0.9626168224299064,1,0,0.9650975056689339,0,0.9650975056689339,0,0.9650975056689339
