take,renderer,candidate,kind,n_notes,saved,grade,notes_hit,tempo,phrase,date,source,backing,octave_insensitive,m1_raw,m1_raw_lag,m2_env,m2_env_lag,m2_env_at,m2_env_at_lag,m3_chroma,m3_chroma_lag,m3_chroma_hold,m3_chroma_hold_lag,m3_chroma_dtw,m3_chroma_dtw_lag,m3_dtw_precision,m3_dtw_precision_lag,m3_dtw_f1,m3_dtw_f1_lag,m4_cqt,m4_cqt_lag,m4_cqt_hold,m4_cqt_hold_lag,m4_cqt_dtw,m4_cqt_dtw_lag,m5_cover,m5_cover_lag,m5_cover_hold,m5_cover_hold_lag,m5_cover_strict,m5_cover_strict_lag,m5_precision,m5_recall,m5_recall_hold,m2_take_peaks,m2_ref_peaks
2026-10-06-b3-fourth-fifth-5a4770,sampled,own,own,3,0.985076,perfect,3,100.0,b3–Fourth–Fifth,2026-10-06,ear-training,False,False,0.07200104722411588,0.2622083333333333,0.6095093671934143,0.5804988662131519,0.2889099787183713,0.5572789115646258,0.9459228606624458,0.5572789115646258,0.9459228606624458,0.5572789115646258,0.9639870524406433,0.5572789115646258,1.0,0.5572789115646258,1.0,0.5572789115646258,0.7903323414671513,0.5804988662131519,0.7903323414671513,0.5804988662131519,0.83817458152771,0.5804988662131519,0.9558091599215726,0.5572789115646258,0.9460981496379727,0.5572789115646258,0.9558091599215726,0.5572789115646258,0.9702970297029703,0.941747572815534,0.9230769230769231,11,5
2026-10-06-b3-fourth-fifth-ef1858,sampled,own,own,3,0.980516,perfect,3,100.0,b3–Fourth–Fifth,2026-10-06,ear-training,False,False,0.05209919125299369,0.25679166666666664,0.6223375913685705,0.44117913832199546,0.1234401229829665,0.5340589569160998,0.8637732554028053,0.5340589569160998,0.8909787122658858,0.5340589569160998,0.9268529415130615,0.5340589569160998,1.0,0.5340589569160998,1.0,0.5340589569160998,0.7420125164603459,0.5340589569160998,0.7653829894197268,0.5340589569160998,0.802312433719635,0.5340589569160998,0.9191919191919192,0.5340589569160998,0.9266802443991854,0.5340589569160998,0.9191919191919192,0.5340589569160998,0.9578947368421052,0.883495145631068,0.8974358974358975,12,5
2026-10-06-blue-note-to-fifth-31db04,sampled,own,own,3,0.989107,perfect,3,100.0,Blue Note to Fifth,2026-10-06,ear-training,False,False,0.08072710211366409,1.9330208333333334,0.6604429955770881,1.6718367346938776,0.0,1.8808163265306124,0.9208617978196108,1.8808163265306124,0.9208617978196108,1.8808163265306124,0.9622690677642822,1.8808163265306124,1.0,1.8808163265306124,1.0,1.8808163265306124,0.8254086734115622,1.9040362811791383,0.8254086734115622,1.9040362811791383,0.8993073105812073,1.9040362811791383,0.8571428571428571,1.8808163265306124,0.8859820645944305,1.8808163265306124,0.8571428571428571,1.8808163265306124,0.8411214953271028,0.8737864077669902,0.9358974358974359,16,6
2026-10-06-flat-seven-neighbor-971934,sampled,own,own,3,0.959877,perfect,3,100.0,Flat Seven Neighbor,2026-10-06,ear-training,False,False,0.033098322035986096,0.9651875,0.5673881997129484,0.5804988662131519,0.12616555874303872,0.6733786848072563,0.8098634641247852,0.6733786848072563,0.8487369104027748,0.6733786848072563,0.9390074014663696,0.6733786848072563,1.0,0.6733786848072563,1.0,0.6733786848072563,0.7375735685598986,0.626938775510204,0.7608042321365884,0.626938775510204,0.8728197813034058,0.626938775510204,0.7821782178217821,0.6733786848072563,0.7833415964303422,0.6733786848072563,0.7821782178217821,0.6733786848072563,0.797979797979798,0.7669902912621359,0.7692307692307693,13,8
2026-10-06-flat-third-fifth-bfec50,sampled,own,own,2,0.940741,great,2,100.0,Flat Third–Fifth,2026-10-06,ear-training,False,False,0.0721028467885742,1.9287916666666667,0.5021624417762662,3.4365532879818597,0.11121699802899213,1.9969160997732427,0.9018151152679938,1.9969160997732427,0.9018151152679938,1.9969160997732427,0.9436528086662292,1.9969160997732427,1.0,1.9969160997732427,1.0,1.9969160997732427,0.8663032890389893,1.9969160997732427,0.8663032890389893,1.9969160997732427,0.9186528921127319,1.9969160997732427,0.8633152874452178,1.9969160997732427,0.8817891373801917,1.9969160997732427,0.8633152874452178,1.9969160997732427,0.8440366972477065,0.883495145631068,0.9230769230769231,21,4
2026-10-06-fourth-fifth-21de62,sampled,own,own,2,0.939815,great,2,100.0,Fourth–Fifth,2026-10-06,ear-training,False,False,0.13306287559930693,1.6674791666666666,0.5553786137045746,1.6718367346938776,0.18564967461825746,1.8808163265306124,0.893126115657901,1.8808163265306124,0.893126115657901,1.8808163265306124,0.9534572958946228,1.8808163265306124,0.9239130434782609,1.8808163265306124,0.9330197132616487,1.8808163265306124,0.7433599988922818,1.8808163265306124,0.7433599988922818,1.8808163265306124,0.7707115411758423,1.8808163265306124,0.821256038647343,1.8808163265306124,0.8026255181943803,1.8808163265306124,0.821256038647343,1.8808163265306124,0.8173076923076923,0.8252427184466019,0.7884615384615384,15,3
2026-10-06-full-pent-down-67f810,sampled,own,own,5,0.987581,perfect,5,100.0,Full Pent Down,2026-10-06,ear-training,False,False,0.0547308089291804,0.6292291666666666,0.5439053052932898,0.5108390022675737,0.4217332170962333,0.5340589569160998,0.7312894844346576,0.5340589569160998,0.9054060283476714,0.5340589569160998,0.8812336325645447,0.5340589569160998,0.9183673469387755,0.5340589569160998,0.9275127373784159,0.5340589569160998,0.6648677146205535,0.5340589569160998,0.8231695514349711,0.5340589569160998,0.8270120620727539,0.5340589569160998,0.7762039660056658,0.5340589569160998,0.9102990033222592,0.5340589569160998,0.7762039660056658,0.5340589569160998,0.9383561643835616,0.6618357487922706,0.8838709677419355,21,11
2026-10-07-blue-shake-a55e5b,sampled,own,own,5,0.975125,perfect,5,100.0,Blue Shake,2026-10-07,ear-training,False,False,0.04952820286128151,0.5981875,0.4771546965402036,0.5340589569160998,0.10749112358509523,0.626938775510204,0.6843064735810309,0.626938775510204,0.9058160835263357,0.626938775510204,0.8326768279075623,0.626938775510204,0.968503937007874,0.626938775510204,0.9584340601309645,0.626938775510204,0.5996526524619764,0.626938775510204,0.7937598694438879,0.626938775510204,0.7502064108848572,0.626938775510204,0.7020457160006001,0.626938775510204,0.8866874745555706,0.626938775510204,0.7020457160006001,0.626938775510204,0.9029850746268657,0.5742574257425742,0.8709677419354839,12,9
2026-10-07-blue-shake-d19422,sampled,own,own,5,0.615185,fair,2,100.0,Blue Shake,2026-10-07,ear-training,False,False,0.041657697724750725,1.7192916666666667,0.4108900331916391,0.5340589569160998,0.0814213871064765,0.3947392290249433,0.42454654570573414,0.3947392290249433,0.49921553615649145,0.3947392290249433,0.5979962348937988,0.3947392290249433,0.20155038759689922,0.3947392290249433,0.15672091621458709,0.3947392290249433,0.3866671603809819,0.37151927437641724,0.45240057764574887,0.37151927437641724,0.5854336023330688,0.37151927437641724,0.056818181818181816,0.3947392290249433,0.072992700729927,0.3947392290249433,0.056818181818181816,0.3947392290249433,0.06666666666666667,0.04950495049504951,0.08064516129032258,14,9
2026-10-07-climb-and-cry-d6ea28,sampled,own,own,6,0.9919,perfect,6,100.0,Climb and Cry,2026-10-07,ear-training,False,False,0.05218164799956591,0.422375,0.562035860089259,0.5340589569160998,0.43657879962145074,0.5572789115646258,0.6563451450703472,0.5572789115646258,0.8554610879568572,0.5572789115646258,0.7967182397842407,0.5572789115646258,0.936,0.5572789115646258,0.9471553856532494,0.5572789115646258,0.638107654670703,0.5572789115646258,0.8316908757505792,0.5572789115646258,0.7859773635864258,0.5572789115646258,0.6982345977662258,0.5572789115646258,0.8717668605211579,0.5572789115646258,0.6982345977662258,0.5572789115646258,0.9153846153846154,0.5643564356435643,0.8321167883211679,16,9
2026-10-07-four-to-five-3174e3,sampled,own,own,4,0.944574,great,4,100.0,Four to Five,2026-10-07,ear-training,False,False,0.12430327262659656,0.7201458333333334,0.4711410004139437,0.4876190476190476,0.3428564215527338,1.0913378684807256,0.9069069437919908,1.0913378684807256,0.9069069437919908,1.0913378684807256,0.9827919006347656,1.0913378684807256,1.0,1.0913378684807256,1.0,1.0913378684807256,0.8244022199777281,1.0448979591836736,0.8244022199777281,1.0448979591836736,0.8967113494873047,1.0448979591836736,0.9236947791164659,1.0913378684807256,0.9094903339191563,1.0913378684807256,0.9236947791164659,1.0913378684807256,0.9583333333333334,0.8914728682170543,0.8653846153846154,18,9
2026-10-07-fourth-fifth-push-8c9d34,sampled,own,own,2,0.957962,perfect,2,100.0,Fourth–Fifth Push,2026-10-07,ear-training,False,False,0.10815182017823163,0.323875,0.6680242687670332,0.603718820861678,0.4103168859491371,0.626938775510204,0.8163677699693287,0.626938775510204,0.9464086536812572,0.626938775510204,0.9580148458480835,0.626938775510204,0.9333333333333333,0.626938775510204,0.942074228234478,0.626938775510204,0.7646584936225688,0.626938775510204,0.8864625014562523,0.626938775510204,0.9001216888427734,0.626938775510204,0.8279569892473118,0.626938775510204,0.9096649353294634,0.626938775510204,0.8279569892473118,0.626938775510204,0.927710843373494,0.7475728155339806,0.8923076923076924,11,4
2026-10-07-root-climb-057ad6,sampled,own,own,5,0.997037,perfect,5,100.0,Root Climb,2026-10-07,ear-training,False,False,0.12556101890773638,1.5232083333333333,0.48646998365111044,4.063492063492063,0.2584600356933731,1.7182766439909298,0.9387267741538187,1.7182766439909298,0.9387267741538187,1.7182766439909298,0.9671048521995544,1.7182766439909298,0.95,1.7182766439909298,0.9743589743589743,1.7182766439909298,0.8201944435598286,1.7182766439909298,0.8201944435598286,1.7182766439909298,0.8532927632331848,1.7182766439909298,0.8847882906429692,1.7182766439909298,0.8847882906429692,1.7182766439909298,0.8847882906429692,1.7182766439909298,0.8691588785046729,0.900990099009901,0.900990099009901,14,10
2026-10-07-sixth-flavor-9f81a7,sampled,own,own,5,0.981547,perfect,5,100.0,Sixth Flavor,2026-10-07,ear-training,False,False,0.0608712041133981,0.18577083333333333,0.4899970767395387,4.063492063492063,0.32311913004115744,0.5572789115646258,0.8144453751225756,0.5572789115646258,0.957689536576295,0.5572789115646258,0.9734224081039429,0.5572789115646258,0.9938650306748467,0.5572789115646258,0.9944321914955966,0.5572789115646258,0.757350198733501,0.5572789115646258,0.8905524949931619,0.5572789115646258,0.9223289489746094,0.5572789115646258,0.8228882833787466,0.5572789115646258,0.9230433358803625,0.5572789115646258,0.8228882833787466,0.5572789115646258,0.94375,0.7294685990338164,0.9032258064516129,15,14
2026-10-07-up-and-over-3a04cc,sampled,own,own,6,0.989884,perfect,6,100.0,Up and Over,2026-10-07,ear-training,False,False,0.0644764078316909,1.6006875,0.5222781436544873,1.7414965986394557,0.45284000608413405,1.7182766439909298,0.8856888340629694,1.7182766439909298,0.8856888340629694,1.7182766439909298,0.9177500009536743,1.7182766439909298,0.9213483146067416,1.7182766439909298,0.9366076527698458,1.7182766439909298,0.7661457261966385,1.7414965986394557,0.7661457261966385,1.7414965986394557,0.8062645792961121,1.7414965986394557,0.8061116965226555,1.7182766439909298,0.8061116965226555,1.7182766439909298,0.8061116965226555,1.7182766439909298,0.794392523364486,0.8181818181818182,0.8181818181818182,14,9
